accession,ticker,issuer_name,insider_name,filing_datetime,cik,purchase_value,shares,latest_close,adv60_dollars,current_market_cap,transaction_rows,insider_vwap,signal_value_to_adv60,current_price_premium_to_insider_vwap,purchase_to_market_cap,passes_adv60_monitor,passes_adv60_alert,passes_price_premium,monitor_candidate,alert_candidate,episode_key,research_score,research_tier,score_reasons,score_caveats,high_52w,drawdown_from_52w_high
0000950142-26-001403,ALKT,"ALKAMI TECHNOLOGY, INC.","GAP COINVESTMENTS III, LLC; GAP COINVESTMENTS IV, LLC; GAP Coinvestments V, LLC; GENERAL ATLANTIC GENPAR, L.P.; GENERAL ATLANTIC, L.P.; General Atlantic (Lux) S.a r.l.; General Atlantic GenPar (Lux) SCSp; General Atlantic Partners (Bermuda) EU, L.P.; General Atlantic Partners (Lux), SCSp; General Atlantic Partners 100, L.P.",2026-05-15 00:19:46,1858361,32929750.0,1975000.0,16.6200008392334,32797281.116965484,,3,16.673291139240508,1.004039020263969,-0.0031961476328864,,True,True,True,True,True,7cab107aaee20cec370c40c8691de4e0037ed04237b61e765ec67b5766bf255a,10,ALERT,"[""purchase value >= $2m ($32,929,750)"", ""purchase value / ADV60 >= 5% (100.4%)"", ""current price below insider VWAP (-0.3%)"", ""stock down at least 30% from 52w high (-46.2%)"", ""multiple purchase rows in filing (3)""]","[""market cap unavailable""]",30.88999938964844,-0.4619617621357761
0000950142-26-001404,ALKT,"ALKAMI TECHNOLOGY, INC.","GA AL Holding, L.P.; GAP (Bermuda) L.P.; GAP Coinvestments CDA, L.P.; GENERAL ATLANTIC GENPAR (BERMUDA), L.P.; General Atlantic (AL) SPV, L.P.; General Atlantic (AL), L.P.; General Atlantic (SPV) GP (Bermuda), LLC; General Atlantic (SPV) GP, LLC; General Atlantic Partners (Bermuda) IV, L.P.",2026-05-15 00:21:50,2085145,32929750.0,1975000.0,16.6200008392334,32797281.116965484,,3,16.673291139240508,1.004039020263969,-0.0031961476328864,,True,True,True,True,True,7dd4a3d21a58a81f483c00f7e93f23a6416dca8c608263537ebc10a32a8bd424,10,ALERT,"[""purchase value >= $2m ($32,929,750)"", ""purchase value / ADV60 >= 5% (100.4%)"", ""current price below insider VWAP (-0.3%)"", ""stock down at least 30% from 52w high (-46.2%)"", ""multiple purchase rows in filing (3)""]","[""market cap unavailable""]",30.88999938964844,-0.4619617621357761
0001231919-26-000656,ARTV,"Artiva Biotherapeutics, Inc.","Kolchinsky Peter; RA CAPITAL MANAGEMENT, L.P.; RA Capital Healthcare Fund LP; RA Capital Nexus Fund III, L.P.; RA Capital Nexus Fund, L.P.; Shah Rajeev M.",2026-06-16 22:08:15,1883840,4599903.46,531326.0,8.90999984741211,4698706.970200507,,3,8.65740328912946,0.978972191535432,0.0291769425365475,,True,True,True,True,True,2bc15283d27c935d6b160f42aae9f06e46e467a91a084086cb9faa890729c475,10,ALERT,"[""purchase value >= $2m ($4,599,903)"", ""purchase value / ADV60 >= 5% (97.9%)"", ""current price within 15% of insider VWAP (2.9%)"", ""stock down at least 30% from 52w high (-33.5%)"", ""multiple purchase rows in filing (3)""]","[""market cap unavailable""]",13.390000343322754,-0.3345780717731426
0001193125-26-222296,BLND,"Blend Labs, Inc.","Haveli Brooks Aggregator, L.P.; Haveli Investment Management LLC; Haveli Investments Software Fund I GP, LLC; Haveli Investments, L.P.; Haveli Software Management LLC; SHETH BRIAN NIRANJAN; Whanau Interests LLC",2026-05-14 00:19:20,2022286,2789589.9851,1951635.0,1.4600000381469729,6078216.256507691,,3,1.4293605029116614,0.4589487881602276,0.0214358345378211,,True,True,True,True,True,ac8c51124bb4bd19221400b5caab71d44d847604c7f8d353fe6ac8c2c3aed147,10,ALERT,"[""purchase value >= $2m ($2,789,590)"", ""purchase value / ADV60 >= 5% (45.9%)"", ""current price within 15% of insider VWAP (2.1%)"", ""stock down at least 30% from 52w high (-66.6%)"", ""multiple purchase rows in filing (3)""]","[""market cap unavailable""]",4.369999885559082,-0.6659038726816384
0001816739-26-000002,BKKT,"Bakkt, Inc.",ALFRED MICHAEL,2026-05-18 22:37:39,1820302,4848100.0,585000.0,8.720000267028809,12264431.430393776,,2,8.287350427350427,0.3952975747400253,0.0522060510739987,,True,True,True,True,True,8c8f23645f0cf1aa4b884693ceac3fa979a8f5b9aa4da1d548ef07783f6948cf,10,ALERT,"[""purchase value >= $2m ($4,848,100)"", ""purchase value / ADV60 >= 5% (39.5%)"", ""current price within 15% of insider VWAP (5.2%)"", ""stock down at least 30% from 52w high (-80.6%)"", ""multiple purchase rows in filing (2)""]","[""market cap unavailable""]",45.040000915527344,-0.8063943141701264
0000921895-26-001333,BH,Biglari Holdings Inc.,"BIGLARI CAPITAL CORP.; BIGLARI, SARDAR; LION FUND, L.P.",2026-05-14 23:58:26,1726173,13439603.54,52674.0,258.1700134277344,36616843.94304911,,3,255.14681892394728,0.3670333675098508,0.0118488426253444,,True,True,True,True,True,0b56da7845143c0e2b22826a925ba7e1a7de1fa6f253d30135b6e8a4d59261d6,10,ALERT,"[""purchase value >= $2m ($13,439,604)"", ""purchase value / ADV60 >= 5% (36.7%)"", ""current price within 15% of insider VWAP (1.2%)"", ""stock down at least 30% from 52w high (-45.9%)"", ""multiple purchase rows in filing (3)""]","[""market cap unavailable""]",476.9200134277344,-0.4586723011009607
0000919574-26-003627,WGS,GeneDx Holdings Corp.,"Casdin Capital, LLC; Casdin Eli; Casdin Partners GP, LLC; Casdin Partners Master Fund, L.P.",2026-05-20 23:45:45,1818331,21459735.5,500000.0,44.72999954223633,63660426.03565763,,3,42.919471,0.3370969507489617,0.0421843163499457,,True,True,True,True,True,e7344e3490e74334fba5f42cb1383fb972d14db98c10b2c962360dc4ab8b6776,10,ALERT,"[""purchase value >= $2m ($21,459,736)"", ""purchase value / ADV60 >= 5% (33.7%)"", ""current price within 15% of insider VWAP (4.2%)"", ""stock down at least 30% from 52w high (-73.3%)"", ""multiple purchase rows in filing (3)""]","[""market cap unavailable""]",167.51499938964844,-0.7329791379565237
0001552354-26-000004,DNUT,"Krispy Kreme, Inc.",Hees Bernardo,2026-06-05 00:43:10,1857154,2116726.91,630111.0,3.2699999809265137,7712259.021758938,,4,3.359292108850663,0.2744626320288238,-0.026580638131734,,True,True,True,True,True,bde6d567a229021f854f7d45f099abab8738c4eaf893396a14c1d191e4e6eb91,10,ALERT,"[""purchase value >= $2m ($2,116,727)"", ""purchase value / ADV60 >= 5% (27.4%)"", ""current price below insider VWAP (-2.7%)"", ""stock down at least 30% from 52w high (-30.4%)"", ""multiple purchase rows in filing (4)""]","[""market cap unavailable""]",4.699999809265137,-0.3042552949724926
0001011438-26-000351,WGS,GeneDx Holdings Corp.,Corvex Management LP; Meister Keith A.,2026-05-15 23:07:09,1818331,13013951.74,332408.0,40.75,65588324.20707703,,5,39.15053711102019,0.1984187261579064,0.0408541748595727,,True,True,True,True,True,d4c61348dfbf9a2947688d2ee4308d9d6d3d47342d641ce16abacfb941a64a54,10,ALERT,"[""purchase value >= $2m ($13,013,952)"", ""purchase value / ADV60 >= 5% (19.8%)"", ""current price within 15% of insider VWAP (4.1%)"", ""stock down at least 30% from 52w high (-75.7%)"", ""multiple purchase rows in filing (5)""]","[""market cap unavailable""]",167.51499938964844,-0.7567382016626856
0001000753-26-000053,NSP,"INSPERITY, INC.",SARVADI PAUL J,2026-05-06 21:37:27,1032399,2861235.58,99600.0,28.75,30675609.020406723,,2,28.72726485943776,0.0932739616708696,0.0007914133375903,,True,True,True,True,True,b9089983310c87d018f57c1199b4d9adba26dff5133d1533469f37a1af34e967,10,ALERT,"[""purchase value >= $2m ($2,861,236)"", ""purchase value / ADV60 >= 5% (9.3%)"", ""current price within 15% of insider VWAP (0.1%)"", ""stock down at least 30% from 52w high (-57.2%)"", ""multiple purchase rows in filing (2)""]","[""market cap unavailable""]",67.2175521850586,-0.5722843354835723
0001062993-26-003272,HMMR,HAMMER TECHNOLOGY HOLDINGS CORP.,SEVELL MICHAEL,2026-06-18 22:20:08,0001682100,2680799.088,10154542.0,0.10999999940395355,2718.3616806194186,,1,0.264,986.1819003382731,-0.583333335591085,,True,True,True,True,True,937c42e53e499a57accf0034d8413b714952ea941e82d671bf3693372e4ea62c,9,ALERT,"[""purchase value >= $2m ($2,680,799)"", ""purchase value / ADV60 >= 5% (98618.2%)"", ""current price below insider VWAP (-58.3%)"", ""stock down at least 30% from 52w high (-59.3%)""]","[""market cap unavailable""]",0.27000001072883606,-0.5925926109890871
0001182684-26-000003,TXO,"TXO Partners, L.P.",SIMPSON BOB R,2026-05-11 21:38:43,1559432,9456495.712,750000.0,12.5,2683813.470478058,,3,12.608660949333332,3.5235294166384628,-0.0086179610800841,,True,True,True,True,True,2273a1301bc676b4d2d700530c63fc080328f385f48161b468c1544caed82eef,9,ALERT,"[""purchase value >= $2m ($9,456,496)"", ""purchase value / ADV60 >= 5% (352.4%)"", ""current price below insider VWAP (-0.9%)"", ""stock down at least 15% from 52w high (-20.2%)"", ""multiple purchase rows in filing (3)""]","[""market cap unavailable""]",15.66472339630127,-0.2020286803818393
0001231919-26-000625,ARTV,"Artiva Biotherapeutics, Inc.","Kolchinsky Peter; RA CAPITAL MANAGEMENT, L.P.; RA Capital Healthcare Fund LP; RA Capital Nexus Fund III, L.P.; RA Capital Nexus Fund, L.P.; Shah Rajeev M.",2026-06-11 23:36:33,1883840,4339267.8,548580.0,8.0,4301494.226051902,,1,7.909999999999999,1.008781500558416,0.0113780025284451,,True,True,True,True,True,c433b855db8b3d708212fd3246f1f680700f01dfd648d318db72f7f48e4daa23,9,ALERT,"[""purchase value >= $2m ($4,339,268)"", ""purchase value / ADV60 >= 5% (100.9%)"", ""current price within 15% of insider VWAP (1.1%)"", ""stock down at least 30% from 52w high (-40.3%)""]","[""market cap unavailable""]",13.390000343322754,-0.4025392236834861
0001193125-26-266221,BLND,"Blend Labs, Inc.","Haveli Brooks Aggregator, L.P.; Haveli Investment Management LLC; Haveli Investments Software Fund I GP, LLC; Haveli Investments, L.P.; Haveli Software Management LLC; SHETH BRIAN NIRANJAN; Whanau Interests LLC",2026-06-10 22:51:47,2022286,1882390.9175,1118935.0,1.659999966621399,6421705.603438477,,3,1.6823058689736223,0.2931294322324712,-0.0132591241364641,,True,True,True,True,True,3de5b9b792cb5f04248ba926ef5df4f42ddd2da513e16742d4a19c02475e73ca,9,ALERT,"[""purchase value >= $1m ($1,882,391)"", ""purchase value / ADV60 >= 5% (29.3%)"", ""current price below insider VWAP (-1.3%)"", ""stock down at least 30% from 52w high (-62.0%)"", ""multiple purchase rows in filing (3)""]","[""market cap unavailable""]",4.369999885559082,-0.6201372974615023
0001193125-26-242341,BLND,"Blend Labs, Inc.","Haveli Brooks Aggregator, L.P.; Haveli Investment Management LLC; Haveli Investments Software Fund I GP, LLC; Haveli Investments, L.P.; Haveli Software Management LLC; SHETH BRIAN NIRANJAN; Whanau Interests LLC",2026-05-27 22:38:12,2022286,1537824.3162,1042028.0,1.559999942779541,6764876.223380184,,2,1.4757994182497975,0.2273248268586354,0.0570541792390728,,True,True,True,True,True,4b2f031827fc9e41dd734d01da01b44f4f4d098236b8bb3ff604442c60fa5191,9,ALERT,"[""purchase value >= $1m ($1,537,824)"", ""purchase value / ADV60 >= 5% (22.7%)"", ""current price within 15% of insider VWAP (5.7%)"", ""stock down at least 30% from 52w high (-64.3%)"", ""multiple purchase rows in filing (2)""]","[""market cap unavailable""]",4.369999885559082,-0.6430205987110775
0001193125-26-235156,BLND,"Blend Labs, Inc.","Haveli Brooks Aggregator, L.P.; Haveli Investment Management LLC; Haveli Investments Software Fund I GP, LLC; Haveli Investments, L.P.; Haveli Software Management LLC; SHETH BRIAN NIRANJAN; Whanau Interests LLC",2026-05-22 00:15:19,2022286,1145964.2752,769061.0,1.5199999809265137,6716812.748209818,,2,1.4900824189498625,0.1706113179209031,0.0200777900579056,,True,True,True,True,True,4f573782a8c96ffed002683094942304ae132be828292a8a07f167e2c59012fe,9,ALERT,"[""purchase value >= $1m ($1,145,964)"", ""purchase value / ADV60 >= 5% (17.1%)"", ""current price within 15% of insider VWAP (2.0%)"", ""stock down at least 30% from 52w high (-65.2%)"", ""multiple purchase rows in filing (2)""]","[""market cap unavailable""]",4.369999885559082,-0.6521739082993019
0001213900-26-059773,FBIN,"Fortune Brands Innovations, Inc.",GARDEN EDWARD P,2026-05-21 01:29:39,1519751,13460200.0,403000.0,35.02000045776367,117037877.32793777,,1,33.4,0.1150072122573172,0.0485030077174752,,True,True,True,True,True,f3a2e801bd4f3a3bb09cc710164779bb916c69172cf5678a1fdabca3372e2868,9,ALERT,"[""purchase value >= $2m ($13,460,200)"", ""purchase value / ADV60 >= 5% (11.5%)"", ""current price within 15% of insider VWAP (4.9%)"", ""stock down at least 30% from 52w high (-45.4%)""]","[""market cap unavailable""]",64.13031005859375,-0.4539243545561053
0001822880-26-000004,STEP,StepStone Group Inc.,McCabe Michael I,2026-06-11 22:31:33,1822880,4041156.77,96887.0,42.52000045776367,52445779.39380748,,1,41.71,0.0770539939859709,0.0194198143793735,,True,True,True,True,True,12ac59c1157374225b5eda526fba09c5f552dfcc3cc42279d94dd60579c72500,9,ALERT,"[""purchase value >= $2m ($4,041,157)"", ""purchase value / ADV60 >= 5% (7.7%)"", ""current price within 15% of insider VWAP (1.9%)"", ""stock down at least 30% from 52w high (-43.9%)""]","[""market cap unavailable""]",75.8154296875,-0.4391642884169511
0001231919-26-000457,COAG,"Hemab Therapeutics Holdings, Inc.","Kolchinsky Peter; RA CAPITAL MANAGEMENT, L.P.; RA Capital Healthcare Fund LP; RA Capital Nexus Fund II, L.P.; RA Capital Nexus Fund IV, L.P.; Shah Rajeev M.",2026-05-06 23:16:36,2114044,3468942.18,140550.0,25.01000022888184,45078151.819685936,,2,24.681196584845253,0.0769539575152921,0.0133220301092886,,True,True,True,True,True,35a1fe5a567c535288b860ebc9629a9ad63df05086029e144c4de0d934d2bd77,9,ALERT,"[""purchase value >= $2m ($3,468,942)"", ""purchase value / ADV60 >= 5% (7.7%)"", ""current price within 15% of insider VWAP (1.3%)"", ""stock down at least 15% from 52w high (-26.4%)"", ""multiple purchase rows in filing (2)""]","[""market cap unavailable""]",34.0,-0.2644117579740637
0001104659-26-051889,ZBIO,"Zenas BioPharma, Inc.",MOULDER LEON O JR,2026-04-29 23:21:02,1953926,1067200.0,60000.0,17.549999237060547,17088040.99003951,,2,17.786666666666665,0.0624530337106554,-0.0133058899703589,,True,True,True,True,True,be0f5d8d975e7b68b93a9f0382604cfe2081761600ed795ba5f83c8a1c4fffc1,9,ALERT,"[""purchase value >= $1m ($1,067,200)"", ""purchase value / ADV60 >= 5% (6.2%)"", ""current price below insider VWAP (-1.3%)"", ""stock down at least 30% from 52w high (-59.3%)"", ""multiple purchase rows in filing (2)""]","[""market cap unavailable""]",43.16999816894531,-0.5934676863228296
0001231919-26-000491,ARTV,"Artiva Biotherapeutics, Inc.","Kolchinsky Peter; RA CAPITAL MANAGEMENT, L.P.; RA Capital Healthcare Fund LP; RA Capital Nexus Fund III, L.P.; RA Capital Nexus Fund, L.P.; Shah Rajeev M.",2026-05-13 21:45:56,1883840,74999992.32,6510416.0,10.5,3262873.8240597723,,1,11.52,22.98586962418381,-0.0885416666666666,,True,True,True,True,True,4ad04cfe7c71ae2f867278eca95383051ed8026f9b5472b535db27abf9d48d98,8,ALERT,"[""purchase value >= $2m ($74,999,992)"", ""purchase value / ADV60 >= 5% (2298.6%)"", ""current price below insider VWAP (-8.9%)"", ""stock down at least 15% from 52w high (-21.6%)""]","[""market cap unavailable""]",13.390000343322754,-0.2158327310845755
0001140361-26-016783,TORO,TORO CORP.,Panagiotidis Petros Panagiotis,2026-04-24 22:34:43,2118775,11648581.0791,1799233.0,6.900000095367432,2809674.727330605,,3,6.474192658260492,4.145882427524626,0.0657699669415379,,True,True,True,True,True,16d39ddfe7159d1775a41a985761d5ab55f04163976066f893dc0e46a9f41000,8,ALERT,"[""purchase value >= $2m ($11,648,581)"", ""purchase value / ADV60 >= 5% (414.6%)"", ""current price within 15% of insider VWAP (6.6%)"", ""multiple purchase rows in filing (3)""]","[""52w drawdown unavailable"", ""market cap unavailable""]",,
0001182684-26-000015,TXO,"TXO Partners, L.P.",SIMPSON BOB R,2026-06-04 01:22:45,1559432,8231772.0246,600000.0,13.4399995803833,2887136.2276130994,,2,13.719620041,2.8511893362945004,-0.0203810644741673,,True,True,True,True,True,347338c554ed9a5576907449b5e058e7a883292381cb3513f51f1be7a8aa3ce5,8,ALERT,"[""purchase value >= $2m ($8,231,772)"", ""purchase value / ADV60 >= 5% (285.1%)"", ""current price below insider VWAP (-2.0%)"", ""multiple purchase rows in filing (2)""]","[""market cap unavailable""]",14.268943786621094,-0.0580942933572301
0001231919-26-000532,KLRS,"Kalaris Therapeutics, Inc.","AKKARAJU SRINIVAS; Samsara BioCapital GP, LLC; Samsara BioCapital, L.P.; Samsara Opportunity Fund GP, LLC; Samsara Opportunity Fund, L.P.",2026-05-22 23:47:34,2086456,1179969.0,244300.0,4.920000076293945,485583.83617480594,,1,4.83,2.430000572702798,0.0186335561685186,,True,True,True,True,True,087d14023e910da2f6ad325290edfcb50d6dc116a7abb3f55f3f5a83480ea4cb,8,ALERT,"[""purchase value >= $1m ($1,179,969)"", ""purchase value / ADV60 >= 5% (243.0%)"", ""current price within 15% of insider VWAP (1.9%)"", ""stock down at least 30% from 52w high (-55.2%)""]","[""market cap unavailable""]",10.979999542236328,-0.5519125426764931
0001437749-26-016188,PLSE,"PULSE BIOSCIENCES, INC.",DUGGAN ROBERT W,2026-05-11 22:52:09,1625101,12999987.77,660233.0,19.07999992370605,6281210.049961567,,1,19.69,2.069662957709804,-0.030980196866122,,True,True,True,True,True,1c70df098dfec4424fe8e4a9dc42abe8367d05a3e15723deb9f75431095babb4,8,ALERT,"[""purchase value >= $2m ($12,999,988)"", ""purchase value / ADV60 >= 5% (207.0%)"", ""current price below insider VWAP (-3.1%)"", ""stock down at least 15% from 52w high (-25.1%)""]","[""market cap unavailable""]",25.459999084472656,-0.2505891355140537
0001178579-26-000004,AUPH,Aurinia Pharmaceuticals Inc.,TANG CAPITAL MANAGEMENT LLC; TANG KEVIN,2026-06-03 01:54:36,1600620,12418418.7,812208.0,15.390000343322754,17955450.589394808,,3,15.289702514626796,0.6916238964971898,0.0065598286559211,,True,True,True,True,True,22146e8d0a73dcf548c58b558424b5fabe6e4a2d4dea71bf0d1b153414393b1b,8,ALERT,"[""purchase value >= $2m ($12,418,419)"", ""purchase value / ADV60 >= 5% (69.2%)"", ""current price within 15% of insider VWAP (0.7%)"", ""multiple purchase rows in filing (3)""]","[""market cap unavailable""]",16.420000076293945,-0.062728363470487
0001183231-26-000004,SKIL,Skillsoft Corp.,FRANKOLA JIM,2026-06-16 22:35:13,1774675,302730.0,50000.0,6.110000133514404,919642.952515316,,2,6.0546,0.3291821017841794,0.0091500897688376,,True,True,True,True,True,952298a032090fb71c9672772294ecad86e31be080eb1ef22a194c9702c012af,8,ALERT,"[""purchase value >= $100k ($302,730)"", ""purchase value / ADV60 >= 5% (32.9%)"", ""current price within 15% of insider VWAP (0.9%)"", ""stock down at least 30% from 52w high (-65.9%)"", ""multiple purchase rows in filing (2)""]","[""market cap unavailable""]",17.90999984741211,-0.6588497942172086
0001315797-26-000001,ANNX,"Annexon, Inc.",Satter Muneer A,2026-05-29 21:21:02,1528115,3319018.77,613497.0,5.420000076293945,13804769.586770536,,1,5.41,0.2404255101208426,0.0018484429378826,,True,True,True,True,True,dd08d9dbb87e1703964e1ea2d0a46527d891c1803f29b95e795c4460c1202381,8,ALERT,"[""purchase value >= $2m ($3,319,019)"", ""purchase value / ADV60 >= 5% (24.0%)"", ""current price within 15% of insider VWAP (0.2%)"", ""stock down at least 15% from 52w high (-22.1%)""]","[""market cap unavailable""]",6.960000038146973,-0.2212643611224801
0001628280-26-038557,TWFG,"TWFG, Inc.",DOAK MICHAEL,2026-05-27 22:18:27,2007596,882585.6,46880.0,18.56999969482422,5208472.898300934,,3,18.826484641638224,0.1694518944867525,-0.0136236239370329,,True,True,True,True,True,0f70db2c79221bbd23f2b35813b4f4ada45572101ac4757b0c161f0fb4f832c1,8,ALERT,"[""purchase value >= $100k ($882,586)"", ""purchase value / ADV60 >= 5% (16.9%)"", ""current price below insider VWAP (-1.4%)"", ""stock down at least 30% from 52w high (-48.5%)"", ""multiple purchase rows in filing (3)""]","[""market cap unavailable""]",36.040000915527344,-0.4847392002472567
0001628280-26-040963,TWFG,"TWFG, Inc.",DOAK MICHAEL,2026-06-04 22:30:18,2007596,638138.28,33994.0,18.950000762939453,5247711.625360361,,2,18.77208566217568,0.1216031530612505,0.0094776416411874,,True,True,True,True,True,8b179a8418b45075a213a83211f0a054bf95661f157360661e5fc17c3d5d6b6a,8,ALERT,"[""purchase value >= $100k ($638,138)"", ""purchase value / ADV60 >= 5% (12.2%)"", ""current price within 15% of insider VWAP (0.9%)"", ""stock down at least 30% from 52w high (-47.4%)"", ""multiple purchase rows in filing (2)""]","[""market cap unavailable""]",36.040000915527344,-0.4741953307005854
0001628280-26-037841,TWFG,"TWFG, Inc.",DOAK MICHAEL,2026-05-22 22:06:09,2007596,620652.31,33283.0,18.86000061035156,5285860.476557414,,2,18.647727368326173,0.11741745979724,0.0113833304097925,,True,True,True,True,True,87e70005b6322b6240e5efd23f53b30a19c538268da0e99b366ae4065f94730a,8,ALERT,"[""purchase value >= $100k ($620,652)"", ""purchase value / ADV60 >= 5% (11.7%)"", ""current price within 15% of insider VWAP (1.1%)"", ""stock down at least 30% from 52w high (-47.7%)"", ""multiple purchase rows in filing (2)""]","[""market cap unavailable""]",36.040000915527344,-0.4766925601762127
0000950103-26-008630,PAX,Patria Investments Ltd,Neto Olimpio Matarazzo,2026-06-06 00:49:47,2112308,962900.0,85000.0,11.149999618530272,11054424.319791794,,2,11.328235294117649,0.0871053952828667,-0.0157337547252328,,True,True,True,True,True,2a9ba104f7cc08475c27e450c4192dfb6725a94c894233aa579e1461568f1be0,8,ALERT,"[""purchase value >= $100k ($962,900)"", ""purchase value / ADV60 >= 5% (8.7%)"", ""current price below insider VWAP (-1.6%)"", ""stock down at least 30% from 52w high (-35.0%)"", ""multiple purchase rows in filing (2)""]","[""market cap unavailable""]",17.15184783935547,-0.3499242925332955
0001628280-26-039241,TWFG,"TWFG, Inc.",DOAK MICHAEL,2026-05-29 21:08:32,2007596,421367.1,22330.0,18.770000457763672,5210688.17740682,,2,18.87,0.0808659212859864,-0.0052993928053166,,True,True,True,True,True,6c7ebb8c64c762f7ef35bbe4b03e7793685782a76be42de1928c1e202d51105d,8,ALERT,"[""purchase value >= $100k ($421,367)"", ""purchase value / ADV60 >= 5% (8.1%)"", ""current price below insider VWAP (-0.5%)"", ""stock down at least 30% from 52w high (-47.9%)"", ""multiple purchase rows in filing (2)""]","[""market cap unavailable""]",36.040000915527344,-0.4791897896518401
0001104659-26-063362,ZBIO,"Zenas BioPharma, Inc.",MOULDER LEON O JR,2026-05-19 01:12:28,1953926,1012800.0,60000.0,16.90999984741211,15078349.098216692,,1,16.88,0.0671691571406702,0.0017772421452673,,True,True,True,True,True,4af20cd97cd2235f1de9e5faa5364d942ecc68e3626e55c345bab843d2b47002,8,ALERT,"[""purchase value >= $1m ($1,012,800)"", ""purchase value / ADV60 >= 5% (6.7%)"", ""current price within 15% of insider VWAP (0.2%)"", ""stock down at least 30% from 52w high (-60.8%)""]","[""market cap unavailable""]",43.16999816894531,-0.6082927828434226
0001104659-26-074731,KNOP,KNOT Offshore Partners LP,Seglem Trygve,2026-06-16 22:00:57,1681573,25000000.0,1250000.0,10.369999885559082,1145789.3909409046,,1,20.0,21.819018571528563,-0.4815000057220459,,True,True,True,True,True,d325ed9d198dfead415cdcb0dccf879dc117d25d0d6da7b8bfea7ec56f0d0077,7,ALERT,"[""purchase value >= $2m ($25,000,000)"", ""purchase value / ADV60 >= 5% (2181.9%)"", ""current price below insider VWAP (-48.2%)""]","[""market cap unavailable""]",11.529999732971191,-0.1006071009780662
0001493152-26-027990,HWH,HWH International Inc.,Alset Inc.; Chan Heng Fai Ambrose,2026-06-09 21:43:19,1897245,500000.0,250000.0,1.225000023841858,89573.02292500933,,1,2.0,5.582037801923921,-0.387499988079071,,True,True,True,True,True,da17ba8ef31371bd72dd542a26a4c57b1ea7434a5efe2ac6f5a60c1da13c8af0,7,ALERT,"[""purchase value >= $100k ($500,000)"", ""purchase value / ADV60 >= 5% (558.2%)"", ""current price below insider VWAP (-38.7%)"", ""stock down at least 30% from 52w high (-80.2%)""]","[""market cap unavailable""]",6.199999809265137,-0.8024193449149392
0001193125-26-235184,LOGC,ContextLogic Holdings Inc.,Bobbili Raja,2026-05-22 00:38:05,2064307,1310960.0550000002,150000.0,8.550000190734863,980974.6056469282,,3,8.7397337,1.3363853125794778,-0.0217093009670462,,True,True,True,True,True,5fb6f05ba6804abd971ba9584a307fba8d1f822ceb2b5fb26da4c7786d19f59e,7,ALERT,"[""purchase value >= $1m ($1,310,960)"", ""purchase value / ADV60 >= 5% (133.6%)"", ""current price below insider VWAP (-2.2%)"", ""multiple purchase rows in filing (3)""]","[""market cap unavailable""]",8.800000190734863,-0.0284090902933404
0001628280-26-035297,MKTW,"MARKETWISE, INC.",Stansberry Frank Porter,2026-05-15 00:59:07,1871335,547400.0,30000.0,17.270000457763672,474567.5937879562,,3,18.246666666666663,1.1534710906631909,-0.0535257330418155,,True,True,True,True,True,abbd3bb61f77b37c117056b70d0fac144707ff7a6a02a8e65558c37595bb2884,7,ALERT,"[""purchase value >= $100k ($547,400)"", ""purchase value / ADV60 >= 5% (115.3%)"", ""current price below insider VWAP (-5.4%)"", ""stock down at least 15% from 52w high (-16.5%)"", ""multiple purchase rows in filing (3)""]","[""market cap unavailable""]",20.68000030517578,-0.1648936072094088
0001193125-26-245910,LOGC,ContextLogic Holdings Inc.,Bobbili Raja,2026-05-29 01:07:56,2064307,1092291.953,125339.0,8.800000190734863,979581.91866409,,2,8.714701353928147,1.1150593249920528,0.0097879242606824,,True,True,True,True,True,5c59f4cfa397d0ad9547af47c7c37ee502ffbcca87678b5fc57f0fa1591520b7,7,ALERT,"[""purchase value >= $1m ($1,092,292)"", ""purchase value / ADV60 >= 5% (111.5%)"", ""current price within 15% of insider VWAP (1.0%)"", ""multiple purchase rows in filing (2)""]","[""market cap unavailable""]",8.84000015258789,-0.0045248824844553
0001012975-26-000417,ODTX,"Odyssey Therapeutics, Inc.","Dimension Capital II, L.P.",2026-05-12 21:37:36,2040933,19999998.0,1111111.0,17.899999618530273,20857034.767538708,,1,18.0,0.958908983127718,-0.0055555767483181,,True,True,True,True,True,47e7004132c3b1b3c18132b8efcded79b15c38a88173714aa8b15b2b63ca8149,7,ALERT,"[""purchase value >= $2m ($19,999,998)"", ""purchase value / ADV60 >= 5% (95.9%)"", ""current price below insider VWAP (-0.6%)""]","[""market cap unavailable""]",17.899999618530273,0.0
0001104659-26-074791,VRM,"Vroom, Inc.","Mudrick Capital Management LLC; Mudrick Capital Management, L.P.; Mudrick Distressed Opportunity Drawdown Fund II GP, LLC; Mudrick Distressed Opportunity Drawdown Fund II SC, L.P.; Mudrick Distressed Opportunity Drawdown Fund III GP, LLC; Mudrick Distressed Opportunity Drawdown Fund III, L.P.; Mudrick Distressed Opportunity SIF GP, LLC; Mudrick Distressed Opportunity SIF Master Fund, L.P.; Mudrick Jason; Pietroforte Matthew",2026-06-17 01:24:35,2051254,112595.9,15595.0,7.880000114440918,127738.43331430752,,1,7.22,0.8814567164993444,0.0914127582328141,,True,True,True,True,True,7799e352fd1fbca413de5d6a63693f5bb34d0a101c10973fbd8209842d38c129,7,ALERT,"[""purchase value >= $100k ($112,596)"", ""purchase value / ADV60 >= 5% (88.1%)"", ""current price within 15% of insider VWAP (9.1%)"", ""stock down at least 30% from 52w high (-76.0%)""]","[""market cap unavailable""]",32.79999923706055,-0.759756088483766
0001104659-26-074792,VRM,"Vroom, Inc.","Mudrick Capital Management, L.P.; Mudrick Distressed Opportunity 2020 Dislocation Fund GP, LLC; Mudrick Distressed Opportunity 2020 Dislocation Fund, L.P.; Mudrick Distressed Opportunity Drawdown Fund II, L.P.; Mudrick Distressed Opportunity Fund Global, LP; Mudrick GP, LLC",2026-06-17 01:26:06,1959099,112595.9,15595.0,7.880000114440918,127738.43331430752,,1,7.22,0.8814567164993444,0.0914127582328141,,True,True,True,True,True,cf8fd2aa6b18cb4719f6101bb84e095971e39c2d745fcaffa23624fe2603b681,7,ALERT,"[""purchase value >= $100k ($112,596)"", ""purchase value / ADV60 >= 5% (88.1%)"", ""current price within 15% of insider VWAP (9.1%)"", ""stock down at least 30% from 52w high (-76.0%)""]","[""market cap unavailable""]",32.79999923706055,-0.759756088483766
0001182684-26-000008,TXO,"TXO Partners, L.P.",SIMPSON BOB R,2026-05-20 21:48:55,1559432,1970745.3565,148403.0,13.229999542236328,2763407.0878957114,,2,13.279686775199965,0.7131578134587075,-0.0037415967563652,,True,True,True,True,True,4531eaefb7bf0e78d45873977ea4b427cf322f29b49df4112d93c4847ba56fa8,7,ALERT,"[""purchase value >= $1m ($1,970,745)"", ""purchase value / ADV60 >= 5% (71.3%)"", ""current price below insider VWAP (-0.4%)"", ""multiple purchase rows in filing (2)""]","[""market cap unavailable""]",14.26894474029541,-0.0728116351256941
0001193125-26-217593,ODTX,"Odyssey Therapeutics, Inc.",Li Nan (LN),2026-05-12 00:30:26,2131608,19999998.0,1111111.0,17.450000762939453,29757983.73381805,,1,18.0,0.6720884781340637,-0.0305555131700303,,True,True,True,True,True,7a57088dbcd7eb7c33aed9e65f148441bd41186ebce63c46dde84e8e8a0e2fa3,7,ALERT,"[""purchase value >= $2m ($19,999,998)"", ""purchase value / ADV60 >= 5% (67.2%)"", ""current price below insider VWAP (-3.1%)""]","[""market cap unavailable""]",17.450000762939453,0.0
0001493152-26-024293,VIDA,VIDA Global Inc.,Pratt Lyle,2026-05-19 00:00:21,2129562,1192674.54,312900.0,2.240000009536743,2258971.665024638,,3,3.811679578139981,0.5279723329274215,-0.412332552194795,,True,True,True,True,True,11f88f5d62e5b26bc59dcab03042a5b71493870fb34aa1e4e41b7065aa6b5d72,7,ALERT,"[""purchase value >= $1m ($1,192,675)"", ""purchase value / ADV60 >= 5% (52.8%)"", ""current price below insider VWAP (-41.2%)"", ""multiple purchase rows in filing (3)""]","[""market cap unavailable""]",2.5199999809265137,-0.111111100598828
0000950142-26-001716,LFTO,"Liftoff Mobile, Inc.","GAP (Bermuda) L.P.; GAP COINVESTMENTS III, LLC; GAP COINVESTMENTS IV, LLC; GAP Coinvestments CDA, L.P.; GAP Coinvestments V, LLC; GENERAL ATLANTIC GENPAR (BERMUDA), L.P.; General Atlantic (LFT), L.P.; General Atlantic (SPV) GP, LLC; General Atlantic Partners (Lux), SCSp; General Atlantic Partners 100, L.P.",2026-06-10 00:43:11,2106663,29999981.0,1304347.0,25.770000457763672,120868067.52211475,,1,23.0,0.24820435715588,0.1204348025114641,,True,True,True,True,True,04280fb54222ff546961e4e69fa155f05603d82815945496e899e53925160133,7,ALERT,"[""purchase value >= $2m ($29,999,981)"", ""purchase value / ADV60 >= 5% (24.8%)"", ""current price within 15% of insider VWAP (12.0%)""]","[""market cap unavailable""]",28.450000762939453,-0.0942003596944327
0000950142-26-001717,LFTO,"Liftoff Mobile, Inc.","GENERAL ATLANTIC GENPAR, L.P.; GENERAL ATLANTIC, L.P.; General Atlantic (Lux) S.a r.l.; General Atlantic GenPar (Lux) SCSp",2026-06-10 00:45:14,1858361,29999981.0,1304347.0,25.770000457763672,120868067.52211475,,1,23.0,0.24820435715588,0.1204348025114641,,True,True,True,True,True,eae1da6885b4ad9c419a32cd0482a29959f6794036501dc7d110cc98bce5ce0d,7,ALERT,"[""purchase value >= $2m ($29,999,981)"", ""purchase value / ADV60 >= 5% (24.8%)"", ""current price within 15% of insider VWAP (12.0%)""]","[""market cap unavailable""]",28.450000762939453,-0.0942003596944327
0001437749-26-018632,BOC,BOSTON OMAHA Corp,Royal Jeffrey C,2026-05-27 22:42:33,1720104,520983.2096,41046.0,12.59000015258789,2195756.9786036173,,4,12.692666998002242,0.2372681561195889,-0.0080886739903056,,True,True,True,True,True,6b8a8203a9ba89a4a2f41d22babd8fe6bc706820021ce497e6af09ebbddbd9dc,7,ALERT,"[""purchase value >= $100k ($520,983)"", ""purchase value / ADV60 >= 5% (23.7%)"", ""current price below insider VWAP (-0.8%)"", ""stock down at least 15% from 52w high (-15.8%)"", ""multiple purchase rows in filing (4)""]","[""market cap unavailable""]",14.960000038146973,-0.1584224518392878
0001021771-26-000070,KINS,"KINGSTONE COMPANIES, INC.",Newgarden Thomas,2026-05-13 21:12:05,1591561,440456.88,30502.0,14.15999984741211,1961559.7251804988,,2,14.440262277883418,0.224544210581949,-0.0194084030523847,,True,True,True,True,True,08dbd7b067f517361f0299c991524dde02485e3226550f1827091628e323d633,7,ALERT,"[""purchase value >= $100k ($440,457)"", ""purchase value / ADV60 >= 5% (22.5%)"", ""current price below insider VWAP (-1.9%)"", ""stock down at least 15% from 52w high (-23.8%)"", ""multiple purchase rows in filing (2)""]","[""market cap unavailable""]",18.57990837097168,-0.2378864542983976
0001437749-26-018295,PNBK,PATRIOT NATIONAL BANCORP INC,De Tomasi Mario,2026-05-22 22:03:39,2078030,100876.85,87719.0,1.0700000524520874,464381.61333103775,,1,1.15,0.2172283464808268,-0.0695651717807936,,True,True,True,True,True,e88af5e93ac59b35131a9bebd7d673c04ea6e87728fcff77a80985d23d6cb8f9,7,ALERT,"[""purchase value >= $100k ($100,877)"", ""purchase value / ADV60 >= 5% (21.7%)"", ""current price below insider VWAP (-7.0%)"", ""stock down at least 30% from 52w high (-80.2%)""]","[""market cap unavailable""]",5.400000095367432,-0.8018518456379247
0001437749-26-020701,LODE,Comstock Inc.,Pei Steven Yu-Tsung,2026-06-15 23:53:47,2128873,1024225.0,250000.0,4.079999923706055,4728381.052030166,,2,4.0969,0.2166121953221687,-0.0041250887973699,,True,True,True,True,True,897c1f1537fcb19624d8afba5330aa30f6e519e0bfbd4037ef8d04cbaf936e4f,7,ALERT,"[""purchase value >= $1m ($1,024,225)"", ""purchase value / ADV60 >= 5% (21.7%)"", ""current price below insider VWAP (-0.4%)"", ""multiple purchase rows in filing (2)""]","[""market cap unavailable""]",4.590000152587891,-0.1111111572827056
0001193125-26-257987,OPAD,Offerpad Solutions Inc.,Bair Brian,2026-06-04 23:47:47,1877794,102600.0,125000.0,0.7400000095367432,520807.8094291687,,1,0.8208,0.1970016542425788,-0.0984405341901276,,True,True,True,True,True,54046b923dcde7ae56d14e89f8629a54a7b4648e046e1d68d96f41533f23d7e6,7,ALERT,"[""purchase value >= $100k ($102,600)"", ""purchase value / ADV60 >= 5% (19.7%)"", ""current price below insider VWAP (-9.8%)"", ""stock down at least 30% from 52w high (-88.1%)""]","[""market cap unavailable""]",6.230000019073486,-0.8812199025246882
0001493152-26-025689,NAKA,Nakamoto Inc.,Bailey David F,2026-05-28 23:40:17,1946573,268320.0,48000.0,5.599999904632568,1368674.6812244256,,1,5.59,0.1960436644885979,0.0017888917052895,,True,True,True,True,True,bae7b4e24db81c4094fa738b36049134fda5cbce24f319bd1cedc8e8a6c8ff65,7,ALERT,"[""purchase value >= $100k ($268,320)"", ""purchase value / ADV60 >= 5% (19.6%)"", ""current price within 15% of insider VWAP (0.2%)"", ""stock down at least 30% from 52w high (-99.4%)""]","[""market cap unavailable""]",904.0,-0.9938053098400084
0002125738-26-000003,CDZI,CADIZ INC,O'Hara David Mark,2026-05-28 21:49:06,2125738,507761.7,110865.0,4.380000114440918,3326035.8287908714,,1,4.58,0.1526627270833065,-0.0436680972836424,,True,True,True,True,True,72e08ec2ac31cbe85967a6cd8ca5375b14dcb38e4b968128afff36b74b6ee924,7,ALERT,"[""purchase value >= $100k ($507,762)"", ""purchase value / ADV60 >= 5% (15.3%)"", ""current price below insider VWAP (-4.4%)"", ""stock down at least 30% from 52w high (-36.7%)""]","[""market cap unavailable""]",6.920000076293945,-0.3670520135620204
0001493152-26-027794,CING,Cingulate Inc.,Hargroves Thomas Jeffrey,2026-06-08 23:02:03,1883231,490271.04,97276.0,4.53000020980835,3923388.275004784,,1,5.04,0.1249611319693823,-0.1011904345618354,,True,True,True,True,True,fbdb95222fecb9e6000e0e995385db1359e24df885af12eeda34c27161e42008,7,ALERT,"[""purchase value >= $100k ($490,271)"", ""purchase value / ADV60 >= 5% (12.5%)"", ""current price below insider VWAP (-10.1%)"", ""stock down at least 30% from 52w high (-61.1%)""]","[""market cap unavailable""]",11.65999984741211,-0.6114922582255637
0001193125-26-229309,BLND,"Blend Labs, Inc.","Haveli Brooks Aggregator, L.P.; Haveli Investment Management LLC; Haveli Investments Software Fund I GP, LLC; Haveli Investments, L.P.; Haveli Software Management LLC; SHETH BRIAN NIRANJAN; Whanau Interests LLC",2026-05-19 00:02:49,2022286,761472.1045,525697.0,1.5800000429153442,6618939.704161879,,1,1.4485,0.1150444238102364,0.0907835988369651,,True,True,True,True,True,64623d09b5689b6acf201fbaa6d69f9b122ac372539352b577f7c98309512c7e,7,ALERT,"[""purchase value >= $100k ($761,472)"", ""purchase value / ADV60 >= 5% (11.5%)"", ""current price within 15% of insider VWAP (9.1%)"", ""stock down at least 30% from 52w high (-63.8%)""]","[""market cap unavailable""]",4.369999885559082,-0.638443916637951
0001193125-26-262545,INR,"INFINITY NATURAL RESOURCES, INC.",Quinn William J,2026-06-08 23:53:16,2029118,580206.0,44000.0,13.579999923706056,5867311.201740964,,1,13.1865,0.0988878857879295,0.0298411196076331,,True,True,True,True,True,dd17a0fd8c160f323233e2c21d12008beead57689714c7f3a3b3f0f0c2269ce2,7,ALERT,"[""purchase value >= $100k ($580,206)"", ""purchase value / ADV60 >= 5% (9.9%)"", ""current price within 15% of insider VWAP (3.0%)"", ""stock down at least 30% from 52w high (-30.6%)""]","[""market cap unavailable""]",19.559999465942383,-0.3057259563144991
0001193125-26-222083,SMRT,"SmartRent, Inc.",Martell Frank,2026-05-13 21:57:36,1837014,117850.0,100000.0,1.1100000143051147,1403536.3502085905,,1,1.1785,0.0839664750987641,-0.0581247226940053,,True,True,True,True,True,62dcff3803b2d85f08b81fccb7d0c17f307129da305314b84776abd392934cec,7,ALERT,"[""purchase value >= $100k ($117,850)"", ""purchase value / ADV60 >= 5% (8.4%)"", ""current price below insider VWAP (-5.8%)"", ""stock down at least 30% from 52w high (-47.6%)""]","[""market cap unavailable""]",2.119999885559082,-0.4764150593279924
0001213900-26-049361,CXIIU,Churchill Capital Corp XII,"CHURCHILL SPONSOR XII LLC; Klein Michael Stuart; M. Klein Associates, Inc.",2026-04-29 20:50:07,2124744,3500000.0,350000.0,10.100000381469728,42956335.42893028,,1,10.0,0.081478086178711,0.0100000381469727,,True,True,True,True,True,c6162bbc984873d1543402f4b7f63d4eaf0b89b9bdd471474fe3ac7dbbfbe439,7,ALERT,"[""purchase value >= $2m ($3,500,000)"", ""purchase value / ADV60 >= 5% (8.1%)"", ""current price within 15% of insider VWAP (1.0%)""]","[""market cap unavailable""]",10.100000381469728,0.0
0001213900-26-062322,PLYX,"Polaryx Therapeutics, Inc.",Mstone Partners Healthcare Ltd; Yang Alex Keun Mo,2026-05-29 00:00:39,2104809,360003.71,88453.0,3.049999952316284,5453619.384777784,,1,4.07,0.0660118876291307,-0.2506142623301514,,True,True,True,True,True,f9d99c7fea54c009829337091859b841d55074e446aeda749cca75f51d8ed42a,7,ALERT,"[""purchase value >= $100k ($360,004)"", ""purchase value / ADV60 >= 5% (6.6%)"", ""current price below insider VWAP (-25.1%)"", ""stock down at least 30% from 52w high (-91.3%)""]","[""market cap unavailable""]",35.0,-0.9128571442195348
0000950103-26-008238,AUNA,AUNA S.A.,Zamora Leon Jesus,2026-06-02 00:48:06,2044109,131700.0,30000.0,4.539999961853027,2062905.20491616,,1,4.39,0.0638420028637973,0.034168556230758,,True,True,True,True,True,fe840252b3b37baa21a2ed3e1c078b133a1e6922a80f64e7488a8ecb61971d58,7,ALERT,"[""purchase value >= $100k ($131,700)"", ""purchase value / ADV60 >= 5% (6.4%)"", ""current price within 15% of insider VWAP (3.4%)"", ""stock down at least 30% from 52w high (-32.9%)""]","[""market cap unavailable""]",6.769999980926514,-0.3293943907468516
0001193125-26-220236,FCNCA,FIRST CITIZENS BANCSHARES INC /DE/,HOLDING FRANK B JR,2026-05-13 00:32:36,1065416,10257310.8,5940.0,1918.68994140625,172926929.94540203,,1,1726.8200000000002,0.0593158671309236,0.1111117206230236,,True,True,True,True,True,c11cd9bb6ae445952d38df36ce6df8c2399a44a26041698de585a69f89590bf6,7,ALERT,"[""purchase value >= $2m ($10,257,311)"", ""purchase value / ADV60 >= 5% (5.9%)"", ""current price within 15% of insider VWAP (11.1%)""]","[""market cap unavailable""]",2201.217529296875,-0.1283505987619821
0001193125-26-260213,BLND,"Blend Labs, Inc.","Haveli Brooks Aggregator, L.P.; Haveli Investment Management LLC; Haveli Investments Software Fund I GP, LLC; Haveli Investments, L.P.; Haveli Software Management LLC; SHETH BRIAN NIRANJAN; Whanau Interests LLC",2026-06-05 23:41:54,2022286,376056.4243,240307.0,1.6200000047683716,6703455.228676994,,1,1.5649,0.0560988939989115,0.0352099206136951,,True,True,True,True,True,6e3c43f9a43e5ac3e5162aa045d7e2734803f90e0afb7413993dbd7c8be58ed6,7,ALERT,"[""purchase value >= $100k ($376,056)"", ""purchase value / ADV60 >= 5% (5.6%)"", ""current price within 15% of insider VWAP (3.5%)"", ""stock down at least 30% from 52w high (-62.9%)""]","[""market cap unavailable""]",4.369999885559082,-0.6292906070497266
0001104659-26-075331,FBRT,"Franklin BSP Realty Trust, Inc.",ORTALE BUFORD H,2026-06-18 01:45:11,1562528,418596.0,35900.0,8.199999809265137,7575376.273549397,,2,11.660055710306407,0.0552574532121385,-0.2967443712968628,,True,True,True,True,True,089419e7c1f0e6cdb672ef1ba9f6fa8365de8a082169e6fefb31ba92379f842d,7,ALERT,"[""purchase value >= $100k ($418,596)"", ""purchase value / ADV60 >= 5% (5.5%)"", ""current price below insider VWAP (-29.7%)"", ""stock down at least 15% from 52w high (-23.1%)"", ""multiple purchase rows in filing (2)""]","[""market cap unavailable""]",10.660536766052246,-0.2308079800092732
0001104659-26-065311,ANVS,"Annovis Bio, Inc.",Hoffman Michael B,2026-05-22 00:11:23,1477845,104367.2067,54933.0,2.150000095367432,1914155.3609585683,,1,1.8999,0.0545238954103156,0.1316385574858842,,True,True,True,True,True,ab24b8ff2e1dde15c384cbb3dfc0494af469c2ab2f737e1e8710aff92fa122f1,7,ALERT,"[""purchase value >= $100k ($104,367)"", ""purchase value / ADV60 >= 5% (5.5%)"", ""current price within 15% of insider VWAP (13.2%)"", ""stock down at least 30% from 52w high (-57.8%)""]","[""market cap unavailable""]",5.099999904632568,-0.5784313459664017
0001628280-26-034240,MKTW,"MARKETWISE, INC.",Stansberry Frank Porter,2026-05-12 21:31:50,1871335,974581.96,51375.0,18.059999465942383,437453.7562815349,,4,18.969965158150853,2.227851392303012,-0.0479687592793223,,True,True,True,True,True,15361705815b5c5ddb68d7c0f971b95a8d224b19e12982093d6bcc60862a8d3e,6,WATCH,"[""purchase value >= $100k ($974,582)"", ""purchase value / ADV60 >= 5% (222.8%)"", ""current price below insider VWAP (-4.8%)"", ""multiple purchase rows in filing (4)""]","[""market cap unavailable""]",20.68000030517578,-0.1266924951919689
0001493152-26-028963,LEEEF,Leef Brands Inc.,Wilson Kevin John,2026-06-16 23:34:40,2127894,106765.31,464197.0,0.1750999987125396,65124.42316026489,,1,0.2299999999999999,1.6394050775276876,-0.2386956577715665,,True,True,True,True,True,7e1e5a8eee0daaba13f73f161d22b09145405fd904727ad6c73fe997622d684b,6,WATCH,"[""purchase value >= $100k ($106,765)"", ""purchase value / ADV60 >= 5% (163.9%)"", ""current price below insider VWAP (-23.9%)"", ""stock down at least 15% from 52w high (-28.5%)""]","[""market cap unavailable""]",0.2450000047683715,-0.2853061416138213
0001493152-26-024295,VIDA,VIDA Global Inc.,Calicott Christopher Shane,2026-05-19 00:00:24,2130492,1500000.0,375000.0,2.240000009536743,2258971.665024638,,1,4.0,0.6640189530591742,-0.4399999976158142,,True,True,True,True,True,03fddd7c6d8707d61fbf58a05df51783517a4d4d12b88a22926d6496621fe66a,6,WATCH,"[""purchase value >= $1m ($1,500,000)"", ""purchase value / ADV60 >= 5% (66.4%)"", ""current price below insider VWAP (-44.0%)""]","[""market cap unavailable""]",2.5199999809265137,-0.111111100598828
0001437749-26-019088,BOC,BOSTON OMAHA Corp,Kenan Frank H. II,2026-06-02 00:19:58,1710114,593484.6143,44719.0,13.09000015258789,2315109.2189830146,,2,13.271419627004182,0.2563527497681975,-0.0136699373175681,,True,True,True,True,True,ff682aaa01ff81150443d66e3adb11a6795f16488414821c9aa73e9f9490a9cd,6,WATCH,"[""purchase value >= $100k ($593,485)"", ""purchase value / ADV60 >= 5% (25.6%)"", ""current price below insider VWAP (-1.4%)"", ""multiple purchase rows in filing (2)""]","[""market cap unavailable""]",14.449999809265137,-0.0941176245417826
0001104659-26-066477,WHF,"WhiteHorse Finance, Inc.",Aronson Stuart D,2026-05-27 00:47:44,1675841,133400.0,20000.0,6.619999885559082,792531.460375913,,1,6.67,0.1683213937484902,-0.0074962690316219,,True,True,True,True,True,00c57c6f5a05b32065f6489fb33bc5cb2a50a114e47e6e8adb40729f635f1de4,6,WATCH,"[""purchase value >= $100k ($133,400)"", ""purchase value / ADV60 >= 5% (16.8%)"", ""current price below insider VWAP (-0.7%)"", ""stock down at least 15% from 52w high (-15.7%)""]","[""market cap unavailable""]",7.850851058959961,-0.1567793305664794
0001632468-26-000011,VRA,"Vera Bradley, Inc.",Bickley Ian,2026-06-17 01:08:33,1632468,111846.87,28901.0,3.5899999141693115,1397929.9213789585,,1,3.87,0.0800089248319908,-0.0723514433671028,,True,True,True,True,True,4927a388661a7e6152aca1da6d94b71c68f3b25dae3a90a033be0a2fa4f8a231,6,WATCH,"[""purchase value >= $100k ($111,847)"", ""purchase value / ADV60 >= 5% (8.0%)"", ""current price below insider VWAP (-7.2%)"", ""stock down at least 15% from 52w high (-15.7%)""]","[""market cap unavailable""]",4.260000228881836,-0.1572770607311413
0001193125-26-197887,ANIK,"Anika Therapeutics, Inc.",Griffin Stephen D.,2026-04-30 21:22:40,1831125,149880.66,12200.0,12.449999809265137,1914597.705714178,,1,12.2853,0.078283108536418,0.0134062504997953,,True,True,True,True,True,e7024ede8dfa231cc257d8e555cd7d28f6bb8407f4d6906ba10bad1c1fee7074,6,WATCH,"[""purchase value >= $100k ($149,881)"", ""purchase value / ADV60 >= 5% (7.8%)"", ""current price within 15% of insider VWAP (1.3%)"", ""stock down at least 15% from 52w high (-22.2%)""]","[""market cap unavailable""]",16.0,-0.2218750119209289
0001398905-26-000012,LILA,Liberty Latin America Ltd.,Nair Balan,2026-05-12 21:29:20,1712184,161490.0,20000.0,7.409999847412109,2458380.8013570467,,1,8.0745,0.0656895790557981,-0.082296136304154,,True,True,True,True,True,b3f1a768eddf1d54f1119937c2324d82de11116c7e59735245a29d12658b877a,6,WATCH,"[""purchase value >= $100k ($161,490)"", ""purchase value / ADV60 >= 5% (6.6%)"", ""current price below insider VWAP (-8.2%)"", ""stock down at least 15% from 52w high (-16.5%)""]","[""market cap unavailable""]",8.869999885559082,-0.1645997809451999
0001334852-26-000007,LZ,"LEGALZOOM.COM, INC.",Stibel Jeffrey M,2026-05-12 00:30:14,1334852,768987.5,125000.0,6.099999904632568,17973185.518641494,,1,6.1519,0.0427852647046022,-0.0084364335193082,,True,False,True,True,False,03960d51a012bca4fff3881235a8a5ae4805a30604c17c72da5505b4852c4efc,6,WATCH,"[""purchase value >= $100k ($768,988)"", ""purchase value / ADV60 >= 2% (4.3%)"", ""current price below insider VWAP (-0.8%)"", ""stock down at least 30% from 52w high (-45.4%)""]","[""market cap unavailable""]",11.18000030517578,-0.4543828498995145
0001628280-26-037910,BRCB,"Black Rock Coffee Bar, Inc.",Geyer Clay Howard,2026-05-23 01:42:02,2080770,293470.8,45080.0,6.809999942779541,7087054.09304301,,1,6.51,0.0414094200703342,0.0460829405191307,,True,False,True,True,False,24b913170cd410ed1f72e6bd931d7ab1e3b9a4ec92ef5309511bfb2c541759bc,6,WATCH,"[""purchase value >= $100k ($293,471)"", ""purchase value / ADV60 >= 2% (4.1%)"", ""current price within 15% of insider VWAP (4.6%)"", ""stock down at least 30% from 52w high (-75.5%)""]","[""market cap unavailable""]",27.84000015258789,-0.7553879344305063
0001140361-26-017128,KREF,KKR Real Estate Finance Trust Inc.,Salem Matthew A,2026-04-27 20:30:42,1704710,362472.0,60000.0,5.880000114440918,10187269.09696954,,1,6.0412,0.0355808800719543,-0.0266834214326759,,True,False,True,True,False,716aa5e9dd1e0edb7551fdbfee704a9ff92a89358f45cda26427bf701e86da21,6,WATCH,"[""purchase value >= $100k ($362,472)"", ""purchase value / ADV60 >= 2% (3.6%)"", ""current price below insider VWAP (-2.7%)"", ""stock down at least 30% from 52w high (-34.3%)""]","[""market cap unavailable""]",8.946023941040039,-0.342724750884433
0001628280-26-042602,VIA,"Via Transportation, Inc.",Peres Nechemia Jacob,2026-06-11 22:12:04,1721521,367500.0,25000.0,14.760000228881836,10332773.204736678,,1,14.7,0.0355664440434571,0.0040816482232541,,True,False,True,True,False,d20a37f2c369854b202a8dd02def1ab367a0956fdec5859783c7a10420cae9e5,6,WATCH,"[""purchase value >= $100k ($367,500)"", ""purchase value / ADV60 >= 2% (3.6%)"", ""current price within 15% of insider VWAP (0.4%)"", ""stock down at least 30% from 52w high (-72.6%)""]","[""market cap unavailable""]",53.93000030517578,-0.7263118830825357
0001242843-26-000008,PTLO,Portillo's Inc.,LEE EUGENE I JR,2026-05-12 22:03:24,1871509,300306.2,70165.0,4.050000190734863,8654811.127115201,,1,4.28,0.0346981806522792,-0.053738273192789,,True,False,True,True,False,02934385afad2642e1a4a1069f2ddde1ecfcfe821d24fe23d21dea86d33c3cd7,6,WATCH,"[""purchase value >= $100k ($300,306)"", ""purchase value / ADV60 >= 2% (3.5%)"", ""current price below insider VWAP (-5.4%)"", ""stock down at least 30% from 52w high (-69.7%)""]","[""market cap unavailable""]",13.350000381469728,-0.6966292078645626
0001628280-26-041706,TWFG,"TWFG, Inc.",DOAK MICHAEL,2026-06-08 22:01:05,2007596,152974.25,7865.0,19.88999938964844,5380880.238694,,1,19.45,0.0284292240700619,0.0226220765886087,,True,False,True,True,False,3a3c1dfb74ef78cb50821d2a259cdaaa2b0361ed4548a2a9171abe74f199be25,6,WATCH,"[""purchase value >= $100k ($152,974)"", ""purchase value / ADV60 >= 2% (2.8%)"", ""current price within 15% of insider VWAP (2.3%)"", ""stock down at least 30% from 52w high (-44.8%)""]","[""market cap unavailable""]",36.040000915527344,-0.4481132385021915
0001140361-26-017127,KREF,KKR Real Estate Finance Trust Inc.,Mattson W Patrick,2026-04-27 20:30:41,1704723,241072.0,40000.0,5.880000114440918,10187269.09696954,,1,6.0268,0.0236640455558117,-0.0243578492000865,,True,False,True,True,False,2dfcd129bc4c17c24dd014d3c12fd7a701b31af0435c99291f903d9a9264afcf,6,WATCH,"[""purchase value >= $100k ($241,072)"", ""purchase value / ADV60 >= 2% (2.4%)"", ""current price below insider VWAP (-2.4%)"", ""stock down at least 30% from 52w high (-34.3%)""]","[""market cap unavailable""]",8.946023941040039,-0.342724750884433
0001812746-26-000007,AMR,"Alpha Metallurgical Resources, Inc.",Courtis Kenneth S.,2026-06-17 00:41:42,1812746,1230206.64,6136.0,187.8000030517578,52190970.87619884,,1,200.49,0.0235712541718786,-0.0632949122063054,,True,False,True,True,False,044ba7c872dd209e2ce424d7f46f893d2ef8db236f9d66fd87d352477d8bef51,6,WATCH,"[""purchase value >= $1m ($1,230,207)"", ""purchase value / ADV60 >= 2% (2.4%)"", ""current price below insider VWAP (-6.3%)"", ""stock down at least 15% from 52w high (-24.8%)""]","[""market cap unavailable""]",249.6499938964844,-0.2477468149683681
0001193125-26-254050,MBC,"MasterBrand, Inc.",Banyard R David,2026-06-02 23:10:19,1941365,505800.0,60000.0,8.479999542236328,24464080.15526673,,1,8.43,0.0206752102179942,0.0059311438002762,,True,False,True,True,False,6b3300834a199856d48a1156c91ed4ce8aabc58fb15f498a6eafdc6a2686fbd4,6,WATCH,"[""purchase value >= $100k ($505,800)"", ""purchase value / ADV60 >= 2% (2.1%)"", ""current price within 15% of insider VWAP (0.6%)"", ""stock down at least 30% from 52w high (-38.6%)""]","[""market cap unavailable""]",13.81999969482422,-0.3863965463463645
0001297602-26-000029,BETR,Better Home & Finance Holding Co,Garg Vishal,2026-05-21 23:55:56,1835856,388327.68,15600.0,25.030000686645508,19220385.25064952,,1,24.8928,0.0202039488249527,0.0055116614702044,,True,False,True,True,False,815b2f29d1aeb25970f31f4cd69c7ee7d350924aea6d81bcaa94a4db5b11b3d8,6,WATCH,"[""purchase value >= $100k ($388,328)"", ""purchase value / ADV60 >= 2% (2.0%)"", ""current price within 15% of insider VWAP (0.6%)"", ""stock down at least 30% from 52w high (-70.9%)""]","[""market cap unavailable""]",86.06999969482422,-0.7091901850192446
0001628280-26-037908,MKTW,"MARKETWISE, INC.",Stansberry Frank Porter,2026-05-23 01:04:24,1871335,345921.0,20100.0,17.989999771118164,493826.6517384847,,1,17.21,0.7004907466662796,0.0453224736268542,,True,True,True,True,True,4f1ac3a799cefd44ae564f32e1b27004f73ea6217b2279d47637ea2faed562dd,5,WATCH,"[""purchase value >= $100k ($345,921)"", ""purchase value / ADV60 >= 5% (70.0%)"", ""current price within 15% of insider VWAP (4.5%)""]","[""market cap unavailable""]",20.14114570617676,-0.1068035536031544
0001437749-26-018308,NXDT,NEXPOINT DIVERSIFIED REAL ESTATE TRUST,NORRIS DUSTIN DAVID,2026-05-23 01:47:40,1617176,262948.7,53663.0,4.619999885559082,648793.7432344755,,1,4.9,0.4052885878478174,-0.0571428804981466,,True,True,True,True,True,354fe3cde107e980b85ba92064d882c17f30717a7819257f8182ab58c92d17b3,5,WATCH,"[""purchase value >= $100k ($262,949)"", ""purchase value / ADV60 >= 5% (40.5%)"", ""current price below insider VWAP (-5.7%)""]","[""market cap unavailable""]",5.257724761962891,-0.1212929366362882
0001628280-26-038287,MKTW,"MARKETWISE, INC.",Stansberry Frank Porter,2026-05-26 23:01:58,1871335,178800.0,10000.0,17.225000381469727,499297.213954703,,1,17.88,0.3581033400603373,-0.0366330882846908,,True,True,True,True,True,308012a0681d31b4cdf857eef47bf54e2ef19a3f224adad0d23151dace6fb7a2,5,WATCH,"[""purchase value >= $100k ($178,800)"", ""purchase value / ADV60 >= 5% (35.8%)"", ""current price below insider VWAP (-3.7%)""]","[""market cap unavailable""]",20.14114570617676,-0.1447854738379022
0001110176-26-000006,LOGC,ContextLogic Holdings Inc.,LEVY PAUL S,2026-06-10 21:48:35,2064307,118548.2238,12926.0,9.829999923706056,778197.5509198507,,1,9.1713,0.152336927377724,0.0718218708041449,,True,True,True,True,True,d1f8489d0fd3da5e89792cc71d3dce642b131d6ea99eef95c8c454a923d6e670,5,WATCH,"[""purchase value >= $100k ($118,548)"", ""purchase value / ADV60 >= 5% (15.2%)"", ""current price within 15% of insider VWAP (7.2%)""]","[""market cap unavailable""]",9.829999923706056,0.0
0001493152-26-024294,VIDA,VIDA Global Inc.,Braverman Alan M,2026-05-19 00:00:22,2129332,249083.1,63000.0,2.240000009536743,2258971.665024638,,1,3.9537,0.1102639328578224,-0.4334420898053106,,True,True,True,True,True,a514d9752209d4587144f6e4a9245d30a34d5feca0d1785e594efabc8deacd0e,5,WATCH,"[""purchase value >= $100k ($249,083)"", ""purchase value / ADV60 >= 5% (11.0%)"", ""current price below insider VWAP (-43.3%)""]","[""market cap unavailable""]",2.5199999809265137,-0.111111100598828
0001437749-26-016190,PLSE,"PULSE BIOSCIENCES, INC.",LAVIOLETTE PAUL A,2026-05-11 22:53:24,1625101,295350.0,15000.0,19.07999992370605,6281210.049961567,,1,19.69,0.0470211945868307,-0.0309801968661221,,True,False,True,True,False,4067faaf0a02443a6eb5f7d416bde3d73d757a6c83a3d3db4b2563932c7f9bf9,5,WATCH,"[""purchase value >= $100k ($295,350)"", ""purchase value / ADV60 >= 2% (4.7%)"", ""current price below insider VWAP (-3.1%)"", ""stock down at least 15% from 52w high (-25.1%)""]","[""market cap unavailable""]",25.459999084472656,-0.2505891355140537
0001437749-26-016208,PLSE,"PULSE BIOSCIENCES, INC.",LAVIOLETTE PAUL A,2026-05-12 00:52:41,1625101,295350.0,15000.0,19.07999992370605,6281210.049961567,,1,19.69,0.0470211945868307,-0.0309801968661221,,True,False,True,True,False,5449ae16f10662bebd0fd37d73169d3829851a4a2f6647c2b5cea204d67d3582,5,WATCH,"[""purchase value >= $100k ($295,350)"", ""purchase value / ADV60 >= 2% (4.7%)"", ""current price below insider VWAP (-3.1%)"", ""stock down at least 15% from 52w high (-25.1%)""]","[""market cap unavailable""]",25.459999084472656,-0.2505891355140537
0001182695-26-000001,TXO,"TXO Partners, L.P.",ADAMS WILLIAM H III,2026-05-11 21:39:29,1559432,124117.0,10000.0,12.5,2683813.470478058,,1,12.4117,0.0462465075778502,0.0071142550980123,,True,False,True,True,False,510a22a14c0e741834a98f6e31ad99226f1fdddc7161366e45d4ae91c82ba239,5,WATCH,"[""purchase value >= $100k ($124,117)"", ""purchase value / ADV60 >= 2% (4.6%)"", ""current price within 15% of insider VWAP (0.7%)"", ""stock down at least 15% from 52w high (-20.2%)""]","[""market cap unavailable""]",15.66472339630127,-0.2020286803818393
0001193125-26-256033,CECO,CECO ENVIRONMENTAL CORP,WALLMAN RICHARD F,2026-06-03 23:35:08,1198092,1536938.0,20000.0,79.47000122070312,53913687.815728,,1,76.8469,0.0285073802640456,0.0341341188870745,,True,False,True,True,False,0848f5bd225c553fd7c80c2e060a309ffccf178ae6ee657c262c0f3814a1d042,5,WATCH,"[""purchase value >= $1m ($1,536,938)"", ""purchase value / ADV60 >= 2% (2.9%)"", ""current price within 15% of insider VWAP (3.4%)""]","[""market cap unavailable""]",89.87000274658203,-0.1157227240240007
0001055919-26-000005,SMMT,Summit Therapeutics Inc.,DUGGAN ROBERT W,2026-06-04 22:08:26,1599298,1460000.0,100000.0,14.84000015258789,78891890.4856596,,1,14.6,0.0185063381167851,0.0164383666156089,,False,False,True,True,False,2cc903ea52e2b8f47f16a6c4d84cf5370a80c854445b9d6b7f6da1ffbb2f4cae,5,WATCH,"[""purchase value >= $1m ($1,460,000)"", ""current price within 15% of insider VWAP (1.6%)"", ""stock down at least 30% from 52w high (-49.4%)""]","[""market cap unavailable""]",29.31999969482422,-0.4938608353666676
0001283699-26-000069,TMUS,"T-Mobile US, Inc.",Almeida Andre,2026-05-04 21:36:36,1981961,1000015.7792,5097.44,21.13999938964844,63396769.17115644,,1,196.18,0.0157739233761296,-0.8922418218490752,,False,False,True,True,False,0da9d0591b226ce94f00d960f0a29a61af3803ebdea59c83c04b748550b36d7a,5,WATCH,"[""purchase value >= $1m ($1,000,016)"", ""current price below insider VWAP (-89.2%)"", ""stock down at least 30% from 52w high (-42.2%)""]","[""market cap unavailable""]",36.59000015258789,-0.422246534531559
0001176401-26-000003,WEST,Westrock Coffee Co,FORD JOE T,2026-05-15 21:10:32,1806347,127500.0,15000.0,8.449999809265137,3433252.210230382,,1,8.5,0.0371367998016796,-0.0058823753805721,,True,False,True,True,False,08b19cb8f34ed1f317692b9b2420acbdfd8d0754f954bed4cb93edea49dbfdab,4,WATCH,"[""purchase value >= $100k ($127,500)"", ""purchase value / ADV60 >= 2% (3.7%)"", ""current price below insider VWAP (-0.6%)""]","[""market cap unavailable""]",8.75,-0.0342857360839843
0001268071-26-000003,STRZ,STARZ ENTERTAINMENT CORP /CN/,MACDONALD SCOTT D,2026-05-14 22:38:00,1268071,102950.0,5000.0,21.93000030517578,2807516.759440168,,1,20.59,0.0366694160075214,0.065080150809897,,True,False,True,True,False,5c685248445577d065266c924192bab4500d90c68f7f3b7ef0a9f772d8dac606,4,WATCH,"[""purchase value >= $100k ($102,950)"", ""purchase value / ADV60 >= 2% (3.7%)"", ""current price within 15% of insider VWAP (6.5%)""]","[""market cap unavailable""]",21.93000030517578,0.0
0002119764-26-000002,CRESY,CRESUD INC,Elsztain Alejandro Gustavo,2026-04-25 00:10:09,2119764,100310.8998,8917.0,11.050000190734863,2988606.309014956,,1,11.2494,0.0335644408891924,-0.0177253728434526,,True,False,True,True,False,85bcdac85c00f9ebb009b5b8a45688d0824fe2c5c49b35eeb3b6e96f5c2cf1e6,4,WATCH,"[""purchase value >= $100k ($100,311)"", ""purchase value / ADV60 >= 2% (3.4%)"", ""current price below insider VWAP (-1.8%)""]","[""52w drawdown unavailable"", ""market cap unavailable""]",,
0001104659-26-059532,XRN,Chiron Real Estate Inc.,Decker Mark Okey Jr,2026-05-12 21:41:59,1681625,135960.0,4000.0,34.11000061035156,4845444.32577769,,1,33.99,0.0280593462351212,0.0035304680891898,,True,False,True,True,False,d7971cebeeb7694f33290527bf4cf44909dd594fe7b405186755680a3822c479,4,WATCH,"[""purchase value >= $100k ($135,960)"", ""purchase value / ADV60 >= 2% (2.8%)"", ""current price within 15% of insider VWAP (0.4%)""]","[""market cap unavailable""]",36.674835205078125,-0.0699344545213233
0001140361-26-024486,SSMR,Sunshine Silver Mining & Refining Co,El-Erian Anna,2026-06-08 22:29:36,2133108,540000.0,40000.0,14.789999961853027,21187428.583840687,,1,13.5,0.0254868115714546,0.0955555527298539,,True,False,True,True,False,5e205bf80265a2d256403630f55808a8e39cdfab728e6e3640f21e4c3a8f1085,4,WATCH,"[""purchase value >= $100k ($540,000)"", ""purchase value / ADV60 >= 2% (2.5%)"", ""current price within 15% of insider VWAP (9.6%)""]","[""market cap unavailable""]",17.149999618530273,-0.1376093124881069
0001104659-26-059537,XRN,Chiron Real Estate Inc.,KIERNAN ROBERT J,2026-05-12 21:44:18,1533615,100470.0,3000.0,34.11000061035156,4845444.32577769,,1,33.49,0.0207349405431202,0.0185130071768158,,True,False,True,True,False,993e7bc0e7b65b69ff2d6e679ed37524fa644f528886cbe30014de9938334903,4,WATCH,"[""purchase value >= $100k ($100,470)"", ""purchase value / ADV60 >= 2% (2.1%)"", ""current price within 15% of insider VWAP (1.9%)""]","[""market cap unavailable""]",36.674835205078125,-0.0699344545213233
