accepted_at,accession,cik,ticker,amendment,issuer_cik,issuer_name,issuer_trading_symbol,security_title,transaction_date,transaction_code,acquired_disposed_code,shares,price_per_share,purchase_value,reporting_owners,eligible_insider,record_key,filing_datetime,insider_name,company_name,latest_close,adv60_dollars,current_market_cap,signal_value_to_adv60,current_price_premium_to_insider_vwap,purchase_to_market_cap,passes_adv60_monitor,passes_adv60_alert,passes_price_premium,monitor_candidate,alert_candidate,high_52w,drawdown_from_52w_high,research_score,research_tier,score_reasons,score_caveats
2026-04-24 22:34:43,0001140361-26-016783,2118775,TORO,False,1941131,TORO CORP.,TORO,Common Stock,2026-04-22,P,A,1465990.0,6.4506,9456515.094,"[{""cik"": ""0002118775"", ""name"": ""Panagiotidis Petros Panagiotis"", ""is_director"": true, ""is_officer"": true, ""is_ten_percent_owner"": null, ""is_other"": null, ""officer_title"": ""Chief Executive Officer""}]",True,bf332c5bf6cacd573bff9c095fa3fb90760022f35143ee26978186048d917279,2026-04-24 22:34:43,Panagiotidis Petros Panagiotis,TORO CORP.,6.900000095367432,2809674.727330605,,3.36569746028373,0.0696679526505181,,True,True,True,True,True,,,,,,
2026-04-24 22:34:43,0001140361-26-016783,2118775,TORO,False,1941131,TORO CORP.,TORO,Common Stock,2026-04-23,P,A,265836.0,6.5246,1734473.5656,"[{""cik"": ""0002118775"", ""name"": ""Panagiotidis Petros Panagiotis"", ""is_director"": true, ""is_officer"": true, ""is_ten_percent_owner"": null, ""is_other"": null, ""officer_title"": ""Chief Executive Officer""}]",True,2db1e5f175225cf289a2812bf386d00f2a13cf25a07110b8a4d3c29c5ad766c1,2026-04-24 22:34:43,Panagiotidis Petros Panagiotis,TORO CORP.,6.900000095367432,2809674.727330605,,0.6173218375523049,0.0575361087832864,,True,True,True,True,True,,,,,,
2026-04-24 22:34:43,0001140361-26-016783,2118775,TORO,False,1941131,TORO CORP.,TORO,Common Stock,2026-04-24,P,A,67407.0,6.7885,457592.4195,"[{""cik"": ""0002118775"", ""name"": ""Panagiotidis Petros Panagiotis"", ""is_director"": true, ""is_officer"": true, ""is_ten_percent_owner"": null, ""is_other"": null, ""officer_title"": ""Chief Executive Officer""}]",True,8bfe77e7a945282dc481eb062e7d76927b335a4b31659b67f3086a3552e1deec,2026-04-24 22:34:43,Panagiotidis Petros Panagiotis,TORO CORP.,6.900000095367432,2809674.727330605,,0.1628631296885906,0.0164248501682893,,True,True,True,True,True,,,,,,
2026-04-24 22:34:43,0001140361-26-016783,2118775,TORO,False,1941131,TORO CORP.,TORO,Common Stock,2026-04-22,P,A,516738.0,5.0433,2606064.7554,"[{""cik"": ""0002118775"", ""name"": ""Panagiotidis Petros Panagiotis"", ""is_director"": true, ""is_officer"": true, ""is_ten_percent_owner"": null, ""is_other"": null, ""officer_title"": ""Chief Executive Officer""}]",True,e0ce442aaa833cc99b2798a211c553cc4a0dd2eddaac1c786c806f8d3356fad2,2026-04-24 22:34:43,Panagiotidis Petros Panagiotis,TORO CORP.,6.900000095367432,2809674.727330605,,0.9275325467570942,0.3681518242752624,,True,True,False,False,False,,,,,,
2026-04-25 00:10:09,0002119764-26-000002,2119764,CRESY,False,1034957,CRESUD INC,CRESY,American Depositary Shares (ADS),2026-04-22,P,A,8917.0,11.2494,100310.8998,"[{""cik"": ""0002119764"", ""name"": ""Elsztain Alejandro Gustavo"", ""is_director"": true, ""is_officer"": false, ""is_ten_percent_owner"": false, ""is_other"": false, ""officer_title"": null}]",True,e766076f33c162c1a939764be4057fd83b023a9d9ed382c8cd264f615bd43225,2026-04-25 00:10:09,Elsztain Alejandro Gustavo,CRESUD INC,11.050000190734863,2988606.309014956,,0.0335644408891924,-0.0177253728434526,,True,False,True,True,False,,,,,,
2026-04-27 20:30:42,0001140361-26-017128,1704710,KREF,False,1631596,KKR Real Estate Finance Trust Inc.,KREF,Common Stock,2026-04-24,P,A,60000.0,6.0412,362472.0,"[{""cik"": ""0001704710"", ""name"": ""Salem Matthew A"", ""is_director"": true, ""is_officer"": true, ""is_ten_percent_owner"": null, ""is_other"": null, ""officer_title"": ""Chief Executive Officer""}]",True,c54de34f613ae03e691b06b55d441a805357d65b97c5a61112c08034654513ce,2026-04-27 20:30:42,Salem Matthew A,KKR Real Estate Finance Trust Inc.,5.880000114440918,10187269.09696954,,0.0355808800719543,-0.0266834214326759,,True,False,True,True,False,8.946023941040039,-0.342724750884433,6.0,WATCH,"[""purchase value >= $100k ($362,472)"", ""purchase value / ADV60 >= 2% (3.6%)"", ""current price below insider VWAP (-2.7%)"", ""stock down at least 30% from 52w high (-34.3%)""]","[""market cap unavailable""]"
2026-04-27 20:30:41,0001140361-26-017127,1704723,KREF,False,1631596,KKR Real Estate Finance Trust Inc.,KREF,Common Stock,2026-04-24,P,A,40000.0,6.0268,241072.0,"[{""cik"": ""0001704723"", ""name"": ""Mattson W Patrick"", ""is_director"": null, ""is_officer"": true, ""is_ten_percent_owner"": null, ""is_other"": null, ""officer_title"": ""President, COO and Secretary""}]",True,ae12cacbcd9972f5edd77edaf7f80e2815688c3179dd49e8701769af1ae5b50f,2026-04-27 20:30:41,Mattson W Patrick,KKR Real Estate Finance Trust Inc.,5.880000114440918,10187269.09696954,,0.0236640455558117,-0.0243578492000865,,True,False,True,True,False,8.946023941040039,-0.342724750884433,6.0,WATCH,"[""purchase value >= $100k ($241,072)"", ""purchase value / ADV60 >= 2% (2.4%)"", ""current price below insider VWAP (-2.4%)"", ""stock down at least 30% from 52w high (-34.3%)""]","[""market cap unavailable""]"
2026-04-27 21:34:47,0001805099-26-000006,1805099,ABT,False,1800,ABBOTT LABORATORIES,ABT,Common shares without par value,2026-04-23,P,A,2200.0,91.5,201300.0,"[{""cik"": ""0001805099"", ""name"": ""Boudreau Philip P"", ""is_director"": false, ""is_officer"": true, ""is_ten_percent_owner"": false, ""is_other"": false, ""officer_title"": ""EVP AND CFO""}]",True,8edfde91428057717b43c98e8a37ab0ddb9c758a1e0c03176faaeb6bce767619,2026-04-27 21:34:47,Boudreau Philip P,ABBOTT LABORATORIES,92.8000030517578,1220359226.5713582,,0.0001649514303796,0.0142076836257685,,False,False,True,False,False,135.31573486328125,-0.314196511251851,4.0,WATCH,"[""purchase value >= $100k ($201,300)"", ""current price within 15% of insider VWAP (1.4%)"", ""stock down at least 30% from 52w high (-31.4%)""]","[""market cap unavailable""]"
2026-04-27 20:30:02,0001213900-26-048037,1997901,EJH,False,1769768,E-Home Household Service Holdings Ltd,EJH,Ordinary Shares,2026-04-23,P,A,192000.0,1.25,240000.0,"[{""cik"": ""0001997901"", ""name"": ""WENSHAN XIE"", ""is_director"": true, ""is_officer"": true, ""is_ten_percent_owner"": true, ""is_other"": false, ""officer_title"": ""Chairman, CEO""}]",True,4774141fdf9b92a9561cfa69d5dd5c8645b0c6954babd71ce263006d5a55160f,2026-04-27 20:30:02,WENSHAN XIE,E-Home Household Service Holdings Ltd,1.6237000226974487,382371.4913899382,,0.6276618560855277,0.298960018157959,,True,True,False,False,False,1150.0,-0.9985880869367848,3.0,ARCHIVE,"[""purchase value >= $100k ($240,000)"", ""purchase value / ADV60 >= 5% (62.8%)"", ""stock down at least 30% from 52w high (-99.9%)""]","[""current price more than 15% above insider VWAP (29.9%)"", ""market cap unavailable""]"
2026-04-27 20:24:46,0001550338-26-000004,1550338,EFOR,False,890564,Everforth Inc,EFOR,Common Stock,2026-04-27,P,A,5121.0,20.2695,103800.1095,"[{""cik"": ""0001550338"", ""name"": ""Callaghan Brian J."", ""is_director"": true, ""is_officer"": false, ""is_ten_percent_owner"": false, ""is_other"": false, ""officer_title"": null}]",True,6a440cc7a9b3aa81079c911da862f67f4ea2f200415acf2d8bdc1bbf33389ab6,2026-04-27 20:24:46,Callaghan Brian J.,Everforth Inc,20.989999771118164,51951970.61349869,,0.001998001390019,0.0355460061233954,,False,False,True,False,False,20.989999771118164,0.0,2.0,ARCHIVE,"[""purchase value >= $100k ($103,800)"", ""current price within 15% of insider VWAP (3.6%)""]","[""market cap unavailable""]"
2026-04-27 20:30:02,0001418423-26-000004,1418423,EFOR,False,890564,Everforth Inc,EFOR,Common Stock,2026-04-24,P,A,5350.0,18.695,100018.25,"[{""cik"": ""0001418423"", ""name"": ""Perry Marie"", ""is_director"": false, ""is_officer"": true, ""is_ten_percent_owner"": false, ""is_other"": false, ""officer_title"": ""EVP, Chief Financial Officer""}]",True,1b388661e1fc2f8ae2c316d8d66391585e70ad2e79b6db9424ef8b5499169977,2026-04-27 20:30:02,Perry Marie,Everforth Inc,20.989999771118164,51951970.61349869,,0.0019252060859075,0.1227600840394844,,False,False,True,False,False,20.989999771118164,0.0,2.0,ARCHIVE,"[""purchase value >= $100k ($100,018)"", ""current price within 15% of insider VWAP (12.3%)""]","[""market cap unavailable""]"
2026-04-28 21:01:34,0001699728-26-000008,1699728,LW,False,1679273,"Lamb Weston Holdings, Inc.",LW,Common Stock,2026-04-27,P,A,4556.0,43.85,199780.6,"[{""cik"": ""0001699728"", ""name"": ""Gray James D"", ""is_director"": false, ""is_officer"": true, ""is_ten_percent_owner"": false, ""is_other"": false, ""officer_title"": ""Chief Financial Officer""}]",True,36757a9aa3c549105e4876c7848270eb9ec7cab586df6cf71f2092fdc4b6c10e,2026-04-28 21:01:34,Gray James D,"Lamb Weston Holdings, Inc.",43.08000183105469,130223512.6416659,,0.0015341361628735,-0.0175598214126639,,False,False,True,False,False,65.6268081665039,-0.3435609161159413,4.0,WATCH,"[""purchase value >= $100k ($199,781)"", ""current price below insider VWAP (-1.8%)"", ""stock down at least 30% from 52w high (-34.4%)""]","[""market cap unavailable""]"
2026-04-28 20:16:50,0001504089-26-000005,1504089,CHTR,False,1091667,"CHARTER COMMUNICATIONS, INC. /MO/",CHTR,Class A Common Stock,2026-04-28,P,A,3468.0,172.2349,597310.6332,"[{""cik"": ""0001504089"", ""name"": ""Winfrey Christopher L"", ""is_director"": true, ""is_officer"": true, ""is_ten_percent_owner"": false, ""is_other"": false, ""officer_title"": ""President and CEO""}]",True,d868943d9a761d089c2e51c5e0110c6d000e3ac53421dc7d38d520cdfe905473,2026-04-28 20:16:50,Winfrey Christopher L,"CHARTER COMMUNICATIONS, INC. /MO/",173.11000061035156,464185949.0379229,,0.0012867917144799,0.0050808553339163,,False,False,True,False,False,427.25,-0.594827383006784,4.0,WATCH,"[""purchase value >= $100k ($597,311)"", ""current price within 15% of insider VWAP (0.5%)"", ""stock down at least 30% from 52w high (-59.5%)""]","[""market cap unavailable""]"
2026-04-28 23:37:56,0000902132-26-000005,902132,ABT,False,1800,ABBOTT LABORATORIES,ABT,Common shares without par value,2026-04-27,P,A,10000.0,92.6537,926537.0,"[{""cik"": ""0000902132"", ""name"": ""STARKS DANIEL J"", ""is_director"": true, ""is_officer"": false, ""is_ten_percent_owner"": false, ""is_other"": false, ""officer_title"": null}]",True,29e087d9d368aeb220178e702181b8deb569691e9971194ec24c677d9c076b49,2026-04-28 23:37:56,STARKS DANIEL J,ABBOTT LABORATORIES,93.86000061035156,1206706754.1743252,,0.0007678228341681,0.013019454272755,,False,False,True,False,False,135.31573486328125,-0.3063629983225177,4.0,WATCH,"[""purchase value >= $100k ($926,537)"", ""current price within 15% of insider VWAP (1.3%)"", ""stock down at least 30% from 52w high (-30.6%)""]","[""market cap unavailable""]"
2026-04-28 20:19:15,0001398905-26-000010,1398905,CHTR,False,1091667,"CHARTER COMMUNICATIONS, INC. /MO/",CHTR,Class A Common Stock,2026-04-28,P,A,1000.0,175.46,175460.0,"[{""cik"": ""0001398905"", ""name"": ""Nair Balan"", ""is_director"": true, ""is_officer"": false, ""is_ten_percent_owner"": false, ""is_other"": false, ""officer_title"": null}]",True,9b97962fde7aabd1eec17f38e9c850eb53a202c7ad61fb1eb4863e778a091233,2026-04-28 20:19:15,Nair Balan,"CHARTER COMMUNICATIONS, INC. /MO/",173.11000061035156,464185949.0379229,,0.0003779950693545,-0.0133933625307673,,False,False,True,False,False,427.25,-0.594827383006784,4.0,WATCH,"[""purchase value >= $100k ($175,460)"", ""current price below insider VWAP (-1.3%)"", ""stock down at least 30% from 52w high (-59.5%)""]","[""market cap unavailable""]"
2026-04-28 20:30:16,0001493152-26-019354,2121347,DKI,False,2058584,DarkIris Inc.,DKI,Class B Ordinary Shares,2026-04-24,P,A,1428571.0,0.35,499999.85,"[{""cik"": ""0002121347"", ""name"": ""Hong Zhifang"", ""is_director"": true, ""is_officer"": true, ""is_ten_percent_owner"": true, ""is_other"": true, ""officer_title"": ""CEO""}]",True,aaca5611ff5e3a27870448e72e8dfdc51227d8d9ad760e702da5326e49745601,2026-04-28 20:30:16,Hong Zhifang,DarkIris Inc.,0.4790000021457672,7722891.124534223,,0.0647425739839308,0.3685714347021922,,True,True,False,False,False,11.600000381469728,-0.9587068977246812,3.0,ARCHIVE,"[""purchase value >= $100k ($500,000)"", ""purchase value / ADV60 >= 5% (6.5%)"", ""stock down at least 30% from 52w high (-95.9%)""]","[""current price more than 15% above insider VWAP (36.9%)"", ""market cap unavailable""]"
2026-04-28 21:08:05,0000737468-26-000072,1592204,WASH,False,737468,WASHINGTON TRUST BANCORP INC,WASH,Common Stock,2026-04-27,P,A,3195.0,31.3236,100078.902,"[{""cik"": ""0001592204"", ""name"": ""Handy Edward O. III"", ""is_director"": true, ""is_officer"": true, ""is_ten_percent_owner"": null, ""is_other"": null, ""officer_title"": ""Chairman and CEO""}]",True,9394a100722c96fe7c52e6ab5f3a69a600822ba951500be353c91c362193d067,2026-04-28 21:08:05,Handy Edward O. III,WASHINGTON TRUST BANCORP INC,31.96999931335449,6249924.35190258,,0.0160128181342761,0.0206361757063202,,False,False,True,False,False,36.43000030517578,-0.1224265977068256,2.0,ARCHIVE,"[""purchase value >= $100k ($100,079)"", ""current price within 15% of insider VWAP (2.1%)""]","[""market cap unavailable""]"
2026-04-29 20:50:07,0001213900-26-049361,2124744,CXIIU,False,2114227,Churchill Capital Corp XII,CXIIU,Class A Ordinary Shares,2026-04-29,P,A,350000.0,10.0,3500000.0,"[{""cik"": ""0001327392"", ""name"": ""Klein Michael Stuart"", ""is_director"": true, ""is_officer"": true, ""is_ten_percent_owner"": true, ""is_other"": false, ""officer_title"": ""See Remarks""}, {""cik"": ""0001751504"", ""name"": ""M. Klein Associates, Inc."", ""is_director"": true, ""is_officer"": true, ""is_ten_percent_owner"": true, ""is_other"": false, ""officer_title"": ""See Remarks""}, {""cik"": ""0002124744"", ""name"": ""CHURCHILL SPONSOR XII LLC"", ""is_director"": false, ""is_officer"": false, ""is_ten_percent_owner"": true, ""is_other"": false, ""officer_title"": null}]",True,52b611abb7933a6fa8385680299aaf2ca69f376743d60e9cb5058011c2ca62d2,2026-04-29 20:50:07,"CHURCHILL SPONSOR XII LLC; Klein Michael Stuart; M. Klein Associates, Inc.",Churchill Capital Corp XII,10.100000381469728,42956335.42893028,,0.081478086178711,0.0100000381469727,,True,True,True,True,True,10.100000381469728,0.0,7.0,ALERT,"[""purchase value >= $2m ($3,500,000)"", ""purchase value / ADV60 >= 5% (8.1%)"", ""current price within 15% of insider VWAP (1.0%)""]","[""market cap unavailable""]"
2026-04-29 23:21:02,0001104659-26-051889,1953926,ZBIO,False,1953926,"Zenas BioPharma, Inc.",ZBIO,Common Stock,2026-04-29,P,A,35000.0,17.62,616700.0,"[{""cik"": ""0001228865"", ""name"": ""MOULDER LEON O JR"", ""is_director"": true, ""is_officer"": true, ""is_ten_percent_owner"": false, ""is_other"": false, ""officer_title"": ""Chief Executive Officer""}]",True,fe5355e05184389c86ccff54d5c34a0f55a2fee2210b92faea76bf931b2d10d7,2026-04-29 23:21:02,MOULDER LEON O JR,"Zenas BioPharma, Inc.",17.549999237060547,17088040.99003951,,0.0360895669877822,-0.0039728015289134,,True,False,True,True,False,43.16999816894531,-0.5934676863228296,6.0,WATCH,"[""purchase value >= $100k ($616,700)"", ""purchase value / ADV60 >= 2% (3.6%)"", ""current price below insider VWAP (-0.4%)"", ""stock down at least 30% from 52w high (-59.3%)""]","[""market cap unavailable""]"
2026-04-29 23:21:02,0001104659-26-051889,1953926,ZBIO,False,1953926,"Zenas BioPharma, Inc.",ZBIO,Common Stock,2026-04-28,P,A,25000.0,18.02,450500.0,"[{""cik"": ""0001228865"", ""name"": ""MOULDER LEON O JR"", ""is_director"": true, ""is_officer"": true, ""is_ten_percent_owner"": false, ""is_other"": false, ""officer_title"": ""Chief Executive Officer""}]",True,09ea77f72a8d8a9c886034156691623d8d1c871ade243eb4d59ed796cda0ee5d,2026-04-29 23:21:02,MOULDER LEON O JR,"Zenas BioPharma, Inc.",17.549999237060547,17088040.99003951,,0.0263634667228732,-0.0260821733040761,,True,False,True,True,False,43.16999816894531,-0.5934676863228296,6.0,WATCH,"[""purchase value >= $100k ($450,500)"", ""purchase value / ADV60 >= 2% (2.6%)"", ""current price below insider VWAP (-2.6%)"", ""stock down at least 30% from 52w high (-59.3%)""]","[""market cap unavailable""]"
2026-04-29 20:16:24,0001563441-26-000011,1563441,CHTR,False,1091667,"CHARTER COMMUNICATIONS, INC. /MO/",CHTR,Class A Common Stock,2026-04-28,P,A,5728.0,173.72,995068.16,"[{""cik"": ""0001563441"", ""name"": ""Davis Wade"", ""is_director"": true, ""is_officer"": false, ""is_ten_percent_owner"": false, ""is_other"": false, ""officer_title"": null}]",True,2fe52a62b0c3a2bbb1fcf9145549250a7f20ff9c5e8a22ec25b82eee244e1e22,2026-04-29 20:16:24,Davis Wade,"CHARTER COMMUNICATIONS, INC. /MO/",158.64999389648438,468844988.0121506,,0.0021223819928607,-0.0867488262923994,,False,False,True,False,False,427.25,-0.6286717521439804,4.0,WATCH,"[""purchase value >= $100k ($995,068)"", ""current price below insider VWAP (-8.7%)"", ""stock down at least 30% from 52w high (-62.9%)""]","[""market cap unavailable""]"
2026-04-29 20:05:32,0001213900-26-049277,2120179,NCEL,False,1783036,NewcelX Ltd.,NCEL,"Common Shares, par value CHF 0.05 per share",2026-04-27,P,A,81818.0,2.75,224999.5,"[{""cik"": ""0002120179"", ""name"": ""Samuel Olivier"", ""is_director"": true, ""is_officer"": false, ""is_ten_percent_owner"": false, ""is_other"": false, ""officer_title"": null}]",True,e7de28a3ce61394e500fc3496377318febd72f41d593584fda9b03fa2f907b2d,2026-04-29 20:05:32,Samuel Olivier,NewcelX Ltd.,3.4200000762939453,128550.87015990417,,1.750275978063187,0.2436363913796164,,True,True,False,False,False,29.0,-0.8820689628864157,3.0,ARCHIVE,"[""purchase value >= $100k ($225,000)"", ""purchase value / ADV60 >= 5% (175.0%)"", ""stock down at least 30% from 52w high (-88.2%)""]","[""current price more than 15% above insider VWAP (24.4%)"", ""market cap unavailable""]"
2026-04-29 20:05:15,0001213900-26-049273,2095518,NCEL,False,1783036,NewcelX Ltd.,NCEL,"Common Shares, par value CHF 0.05 per share",2026-04-27,P,A,54545.0,2.75,149998.75,"[{""cik"": ""0002095518"", ""name"": ""Revel Michel"", ""is_director"": true, ""is_officer"": true, ""is_ten_percent_owner"": true, ""is_other"": false, ""officer_title"": ""CSO and Director""}]",True,b1d22735eaac94a384f6853f5b34ffa476026872ae3f6286fe493bd578643ec1,2026-04-29 20:05:15,Revel Michel,NewcelX Ltd.,3.4200000762939453,128550.87015990417,,1.1668435212722936,0.2436363913796164,,True,True,False,False,False,29.0,-0.8820689628864157,3.0,ARCHIVE,"[""purchase value >= $100k ($149,999)"", ""purchase value / ADV60 >= 5% (116.7%)"", ""stock down at least 30% from 52w high (-88.2%)""]","[""current price more than 15% above insider VWAP (24.4%)"", ""market cap unavailable""]"
2026-04-29 22:53:11,0001225208-26-004706,1213483,HBAN,False,49196,HUNTINGTON BANCSHARES INC /MD/,HBAN,Dep Shares-int in 4.50% Ser H Non-Cum Perp Pref Stk,2026-04-27,P,A,6500.0,17.09,111085.0,"[{""cik"": ""0001213483"", ""name"": ""ROLLINS JAMES D III"", ""is_director"": true, ""is_officer"": null, ""is_ten_percent_owner"": null, ""is_other"": null, ""officer_title"": null}]",True,0de9b69f632533faec61f2d716f8b734b46351be420ea43cde0c34d532b48bad,2026-04-29 22:53:11,ROLLINS JAMES D III,HUNTINGTON BANCSHARES INC /MD/,16.309999465942383,460486712.1567777,,0.0002412338881174,-0.0456407568202233,,False,False,True,False,False,19.07592391967773,-0.1449955695662094,2.0,ARCHIVE,"[""purchase value >= $100k ($111,085)"", ""current price below insider VWAP (-4.6%)""]","[""market cap unavailable""]"
2026-04-29 20:19:05,0001117310-26-000005,2088896,XE,False,2088896,"X-Energy, Inc.",XE,Class A Common Stock,2026-04-27,P,A,10000.0,23.0,230000.0,"[{""cik"": ""0001117310"", ""name"": ""HYLE KATHLEEN W"", ""is_director"": true, ""is_officer"": false, ""is_ten_percent_owner"": false, ""is_other"": false, ""officer_title"": null}]",True,f8e895f141586ac8d25103db27e8c0452a248db4087f9c2bdf5b1af1f3ef6f72,2026-04-29 20:19:05,HYLE KATHLEEN W,"X-Energy, Inc.",31.07999992370605,801169465.8010316,,0.000287080336705,0.351304344508959,,False,False,False,False,False,35.97999954223633,-0.1361867615584109,-2.0,ARCHIVE,"[""purchase value >= $100k ($230,000)""]","[""current price more than 15% above insider VWAP (35.1%)"", ""market cap unavailable""]"
2026-04-30 21:22:40,0001193125-26-197887,1831125,ANIK,False,898437,"Anika Therapeutics, Inc.",ANIK,Common Stock,2026-04-30,P,A,12200.0,12.2853,149880.66,"[{""cik"": ""0001831125"", ""name"": ""Griffin Stephen D."", ""is_director"": true, ""is_officer"": true, ""is_ten_percent_owner"": false, ""is_other"": false, ""officer_title"": ""President and CEO""}]",True,86a8e4a7603bac81f9af3b0e748716346e991dac3e5d99413a302366a0158935,2026-04-30 21:22:40,Griffin Stephen D.,"Anika Therapeutics, Inc.",12.449999809265137,1914597.705714178,,0.078283108536418,0.0134062504997953,,True,True,True,True,True,16.0,-0.2218750119209289,6.0,WATCH,"[""purchase value >= $100k ($149,881)"", ""purchase value / ADV60 >= 5% (7.8%)"", ""current price within 15% of insider VWAP (1.3%)"", ""stock down at least 15% from 52w high (-22.2%)""]","[""market cap unavailable""]"
2026-04-30 21:00:04,0001193125-26-197752,2123651,IBATF,False,1786318,INTERNATIONAL BATTERY METALS LTD.,IBATF,"Common Stock, no par value",2026-04-29,P,A,34315465.0,0.08,2745237.2,"[{""cik"": ""0002082309"", ""name"": ""WARNOCK JACOB AARON"", ""is_director"": true, ""is_officer"": false, ""is_ten_percent_owner"": true, ""is_other"": false, ""officer_title"": null}, {""cik"": ""0002109918"", ""name"": ""EV Metals VI LLC"", ""is_director"": false, ""is_officer"": false, ""is_ten_percent_owner"": true, ""is_other"": false, ""officer_title"": null}, {""cik"": ""0002110065"", ""name"": ""EV Metals 7 LLC"", ""is_director"": false, ""is_officer"": false, ""is_ten_percent_owner"": true, ""is_other"": false, ""officer_title"": null}, {""cik"": ""0002123651"", ""name"": ""EV Metals 9 LLC"", ""is_director"": false, ""is_officer"": false, ""is_ten_percent_owner"": true, ""is_other"": false, ""officer_title"": null}]",True,a5f3a1a86412f630f2906e308abdcc632b8e3d19e363927a9ae6890b9a68c5b3,2026-04-30 21:00:04,EV Metals 7 LLC; EV Metals 9 LLC; EV Metals VI LLC; WARNOCK JACOB AARON,INTERNATIONAL BATTERY METALS LTD.,0.1054999977350235,17636.3891969497,,155.65755378514794,0.3187499716877937,,True,True,False,False,False,0.5899999737739563,-0.8211864365684817,5.0,WATCH,"[""purchase value >= $2m ($2,745,237)"", ""purchase value / ADV60 >= 5% (15565.8%)"", ""stock down at least 30% from 52w high (-82.1%)""]","[""current price more than 15% above insider VWAP (31.9%)"", ""market cap unavailable""]"
2026-05-01 22:50:38,0001193125-26-201894,1598542,AVLN,False,1540171,Avalyn Pharma Inc.,AVLN,Common Stock,2026-05-01,P,A,277778.0,18.0,5000004.0,"[{""cik"": ""0001598542"", ""name"": ""Carroll Jill"", ""is_director"": true, ""is_officer"": false, ""is_ten_percent_owner"": false, ""is_other"": false, ""officer_title"": null}]",True,118da70e8056460b9149b3890a180092eaa121e437eee3622b6e44f93af0d302,2026-05-01 22:50:38,Carroll Jill,Avalyn Pharma Inc.,29.84000015258789,108401547.31807709,,0.0461248397620076,0.6577777862548828,,True,False,False,False,False,29.84000015258789,0.0,2.0,ARCHIVE,"[""purchase value >= $2m ($5,000,004)"", ""purchase value / ADV60 >= 2% (4.6%)""]","[""current price more than 15% above insider VWAP (65.8%)"", ""market cap unavailable""]"
2026-05-04 21:36:36,0001283699-26-000069,1981961,TMUS,False,1283699,"T-Mobile US, Inc.",TMUS,Common Stock,2026-05-01,P,A,5097.44,196.18,1000015.7792,"[{""cik"": ""0001981961"", ""name"": ""Almeida Andre"", ""is_director"": false, ""is_officer"": true, ""is_ten_percent_owner"": false, ""is_other"": false, ""officer_title"": ""Chief Broadband, Ent. & Emerg""}]",True,f3e58a39f4f41054030e76511ae877d1342dba3b47d0683a73dcb260825d71ba,2026-05-04 21:36:36,Almeida Andre,"T-Mobile US, Inc.",21.13999938964844,63396769.17115644,,0.0157739233761296,-0.8922418218490752,,False,False,True,True,False,36.59000015258789,-0.422246534531559,5.0,WATCH,"[""purchase value >= $1m ($1,000,016)"", ""current price below insider VWAP (-89.2%)"", ""stock down at least 30% from 52w high (-42.2%)""]","[""market cap unavailable""]"
2026-05-04 21:43:00,0001628280-26-029957,1752877,FND,False,1507079,"Floor & Decor Holdings, Inc.",FND,"Class A common stock, par value $0.001",2026-05-04,P,A,5000.0,50.25,251250.0,"[{""cik"": ""0001752877"", ""name"": ""PAULSEN BRADLEY"", ""is_director"": true, ""is_officer"": true, ""is_ten_percent_owner"": false, ""is_other"": false, ""officer_title"": ""Chief Executive Officer""}]",True,610af60d3c5c0be0fd722530ca0088f9f6a6d9ace6d2c05b7d2e443ce091bbf4,2026-05-04 21:43:00,PAULSEN BRADLEY,"Floor & Decor Holdings, Inc.",48.220001220703125,157814180.2507726,,0.0015920622570212,-0.0403979856576492,,False,False,True,False,False,90.41999816894533,-0.466710880367345,4.0,WATCH,"[""purchase value >= $100k ($251,250)"", ""current price below insider VWAP (-4.0%)"", ""stock down at least 30% from 52w high (-46.7%)""]","[""market cap unavailable""]"
2026-05-04 22:28:03,0001628280-26-029998,1954746,FND,False,1507079,"Floor & Decor Holdings, Inc.",FND,"Class A common stock, par value $0.001",2026-05-04,P,A,2500.0,48.69,121725.0,"[{""cik"": ""0001954746"", ""name"": ""LANGLEY BRYAN"", ""is_director"": false, ""is_officer"": true, ""is_ten_percent_owner"": false, ""is_other"": false, ""officer_title"": ""EVP & CHIEF FINANCIAL OFFICER""}]",True,c86f4e952582faf407e117bc0936e203144e8abf3e063d4406e7aaab1bede58c,2026-05-04 22:28:03,LANGLEY BRYAN,"Floor & Decor Holdings, Inc.",48.220001220703125,157814180.2507726,,0.0007713185203419,-0.0096528810699706,,False,False,True,False,False,90.41999816894533,-0.466710880367345,4.0,WATCH,"[""purchase value >= $100k ($121,725)"", ""current price below insider VWAP (-1.0%)"", ""stock down at least 30% from 52w high (-46.7%)""]","[""market cap unavailable""]"
2026-05-04 22:38:45,0001213900-26-051803,1959353,NONE,False,1959353,"Oxford Park Income Fund, Inc.",NONE,Common Stock,2026-04-01,P,A,283929.59,17.61,5000000.0799,"[{""cik"": ""0001268530"", ""name"": ""COHEN JONATHAN H"", ""is_director"": true, ""is_officer"": true, ""is_ten_percent_owner"": false, ""is_other"": false, ""officer_title"": ""Chief Executive Officer""}]",True,5d9ed7c2b84e1ae850e6c575edb889b84dbd24dd2f0a2454137de2b5de85c262,2026-05-04 22:38:45,COHEN JONATHAN H,"Oxford Park Income Fund, Inc.",,,,,,,False,False,False,False,False,,,1.0,ARCHIVE,"[""purchase value >= $2m ($5,000,000)""]","[""ADV60 unavailable"", ""latest price or insider VWAP unavailable; price gate cannot be verified"", ""52w drawdown unavailable"", ""market cap unavailable""]"
2026-05-04 22:36:52,0001213900-26-051797,1959353,NONE,False,1959353,"Oxford Park Income Fund, Inc.",NONE,Common Stock,2026-04-01,P,A,283929.59,17.61,5000000.0799,"[{""cik"": ""0001268529"", ""name"": ""ROSENTHAL SAUL B"", ""is_director"": true, ""is_officer"": true, ""is_ten_percent_owner"": false, ""is_other"": false, ""officer_title"": ""President""}]",True,d23ea1ef516e0a4bdd0b0a1a9c468e911c859d41cf4fc735e22a5d25af0bba24,2026-05-04 22:36:52,ROSENTHAL SAUL B,"Oxford Park Income Fund, Inc.",,,,,,,False,False,False,False,False,,,1.0,ARCHIVE,"[""purchase value >= $2m ($5,000,000)""]","[""ADV60 unavailable"", ""latest price or insider VWAP unavailable; price gate cannot be verified"", ""52w drawdown unavailable"", ""market cap unavailable""]"
2026-05-04 21:42:14,0001437749-26-014693,1643464,OPCH,False,1014739,"Option Care Health, Inc.",OPCH,Common Stock,2026-05-04,P,A,16225.0,20.1587,327074.9075,"[{""cik"": ""0001643464"", ""name"": ""Sethna Meenal"", ""is_director"": null, ""is_officer"": true, ""is_ten_percent_owner"": null, ""is_other"": null, ""officer_title"": ""Chief Financial Officer""}]",True,8e2454442e1b7e274cb16e21c084ed62dca99806789a699fbee03cc0927bb1e1,2026-05-04 21:42:14,Sethna Meenal,"Option Care Health, Inc.",,,,,,,False,False,False,False,False,,,-1.0,ARCHIVE,"[""purchase value >= $100k ($327,075)""]","[""ADV60 unavailable"", ""latest price or insider VWAP unavailable; price gate cannot be verified"", ""52w drawdown unavailable"", ""market cap unavailable""]"
2026-05-04 21:41:41,0001437749-26-014692,1779969,OPCH,False,1014739,"Option Care Health, Inc.",OPCH,Common Stock,2026-05-04,P,A,12500.0,21.1765,264706.25,"[{""cik"": ""0001779969"", ""name"": ""RADEMACHER JOHN CHARLES"", ""is_director"": true, ""is_officer"": true, ""is_ten_percent_owner"": null, ""is_other"": null, ""officer_title"": ""Chief Executive Officer""}]",True,ed62a4c33e8878b126cb269a96c30b64e2996532993800baf178ef69e6f46d31,2026-05-04 21:41:41,RADEMACHER JOHN CHARLES,"Option Care Health, Inc.",,,,,,,False,False,False,False,False,,,-1.0,ARCHIVE,"[""purchase value >= $100k ($264,706)""]","[""ADV60 unavailable"", ""latest price or insider VWAP unavailable; price gate cannot be verified"", ""52w drawdown unavailable"", ""market cap unavailable""]"
2026-05-05 23:44:08,0001628280-26-030826,0002104604,AVTR,False,0001722482,"Avantor, Inc.",AVTR,Common Stock,2026-05-01,P,A,25000.0,8.14,203500.0,"[{""cik"": ""0002104604"", ""name"": ""Dingemans Simon"", ""is_director"": true, ""is_officer"": false, ""is_ten_percent_owner"": false, ""is_other"": false, ""officer_title"": null}]",True,9bce8a2d975041c0ada22beaaa1d6abba2a3500882ef924a2c5671cd9b5d8327,2026-05-05 23:44:08,Dingemans Simon,"Avantor, Inc.",8.050000190734863,88004797.50243251,,0.0023123739361410964,-0.011056487624709788,,False,False,True,False,False,15.600000381469727,-0.483974359366237,4.0,WATCH,"[""purchase value >= $100k ($203,500)"", ""current price below insider VWAP (-1.1%)"", ""stock down at least 30% from 52w high (-48.4%)""]","[""market cap unavailable""]"
